Date,Orders
12/13/2007,24
12/14/2007,41
12/15/2007,64
12/16/2007,135
12/17/2007,71
12/18/2007,144
12/19/2007,153
12/20/2007,52
12/21/2007,135
12/22/2007,85
12/23/2007,64
12/24/2007,76
12/25/2007,57
12/26/2007,109
12/27/2007,110
12/28/2007,178
12/29/2007,60
12/30/2007,88
12/31/2007,177
1/1/2008,91
1/2/2008,51
1/3/2008,104
1/4/2008,42
1/5/2008,83
1/6/2008,74
1/7/2008,72
1/8/2008,85
1/9/2008,132
1/10/2008,63
1/11/2008,50
1/12/2008,73
1/13/2008,70
1/14/2008,73
1/15/2008,54
1/16/2008,39
1/17/2008,50
1/18/2008,33
1/19/2008,27
1/20/2008,50
1/21/2008,35
1/22/2008,39
1/23/2008,50
1/24/2008,37
1/25/2008,47
1/26/2008,31
1/27/2008,50
1/28/2008,20
1/29/2008,23
1/30/2008,33
1/31/2008,31
2/1/2008,28
2/2/2008,24
2/3/2008,20
2/4/2008,43
2/5/2008,29
2/6/2008,20
2/7/2008,38
2/8/2008,25
2/9/2008,20
2/10/2008,21
2/11/2008,44
2/12/2008,27
2/13/2008,50
2/14/2008,39
2/15/2008,34
2/16/2008,36
2/17/2008,22
2/18/2008,25
2/19/2008,21
2/20/2008,49
2/21/2008,40
2/22/2008,28
2/23/2008,33
2/24/2008,46
2/25/2008,50
2/26/2008,41
2/27/2008,46
2/28/2008,23
2/29/2008,24
3/1/2008,25
3/2/2008,21
3/3/2008,20
3/4/2008,34
3/5/2008,38
3/6/2008,49
3/7/2008,36
3/8/2008,25
3/9/2008,23
3/10/2008,36
3/11/2008,21
3/12/2008,48
3/13/2008,33
3/14/2008,22
3/15/2008,46
3/16/2008,49
3/17/2008,26
3/18/2008,31
3/19/2008,42
3/20/2008,42
3/21/2008,35
3/22/2008,29
3/23/2008,38
3/24/2008,24
3/25/2008,22
3/26/2008,36
3/27/2008,41
3/28/2008,30
3/29/2008,48
3/30/2008,50
3/31/2008,39
4/1/2008,79
4/2/2008,59
4/3/2008,105
4/4/2008,68
4/5/2008,72
4/6/2008,77
4/7/2008,35
4/8/2008,72
4/9/2008,54
4/10/2008,39
4/11/2008,79
4/12/2008,43
4/13/2008,31
4/14/2008,45
4/15/2008,69
4/16/2008,33
4/17/2008,37
4/18/2008,38
4/19/2008,21
4/20/2008,49
4/21/2008,38
4/22/2008,31
4/23/2008,28
4/24/2008,22
4/25/2008,36
4/26/2008,27
4/27/2008,50
4/28/2008,29
4/29/2008,39
4/30/2008,28
5/1/2008,48
5/2/2008,39
5/3/2008,45
5/4/2008,49
5/5/2008,44
5/6/2008,20
5/7/2008,41
5/8/2008,22
5/9/2008,30
5/10/2008,29
5/11/2008,24
5/12/2008,43
5/13/2008,20
5/14/2008,41
5/15/2008,33
5/16/2008,23
5/17/2008,42
5/18/2008,44
5/19/2008,21
5/20/2008,22
5/21/2008,20
5/22/2008,27
5/23/2008,21
5/24/2008,38
5/25/2008,34
5/26/2008,25
5/27/2008,33
5/28/2008,43
5/29/2008,25
5/30/2008,43
5/31/2008,31
6/1/2008,33
6/2/2008,49
6/3/2008,29
6/4/2008,45
6/5/2008,29
6/6/2008,29
6/7/2008,25
6/8/2008,28
6/9/2008,35
6/10/2008,21
6/11/2008,28
6/12/2008,21
6/13/2008,33
6/14/2008,30
6/15/2008,31
6/16/2008,33
6/17/2008,47
6/18/2008,44
6/19/2008,31
6/20/2008,27
6/21/2008,32
6/22/2008,24
6/23/2008,46
6/24/2008,35
6/25/2008,24
6/26/2008,30
6/27/2008,42
6/28/2008,39
6/29/2008,33
6/30/2008,39
7/1/2008,45
7/2/2008,48
7/3/2008,38
7/4/2008,36
7/5/2008,43
7/6/2008,48
7/7/2008,45
7/8/2008,32
7/9/2008,22
7/10/2008,26
7/11/2008,43
7/12/2008,33
7/13/2008,23
7/14/2008,35
7/15/2008,42
7/16/2008,24
7/17/2008,36
7/18/2008,43
7/19/2008,44
7/20/2008,24
7/21/2008,23
7/22/2008,37
7/23/2008,42
7/24/2008,23
7/25/2008,25
7/26/2008,47
7/27/2008,23
7/28/2008,36
7/29/2008,39
7/30/2008,35
7/31/2008,35
8/1/2008,24
8/2/2008,21
8/3/2008,34
8/4/2008,41
8/5/2008,31
8/6/2008,35
8/7/2008,39
8/8/2008,33
8/9/2008,47
8/10/2008,45
8/11/2008,45
8/12/2008,26
8/13/2008,26
8/14/2008,36
8/15/2008,27
8/16/2008,41
8/17/2008,40
8/18/2008,47
8/19/2008,30
8/20/2008,28
8/21/2008,33
8/22/2008,21
8/23/2008,30
8/24/2008,44
8/25/2008,23
8/26/2008,27
8/27/2008,36
8/28/2008,22
8/29/2008,44
8/30/2008,46
8/31/2008,25
9/1/2008,40
9/2/2008,25
9/3/2008,38
9/4/2008,30
9/5/2008,30
9/6/2008,31
9/7/2008,46
9/8/2008,33
9/9/2008,45
9/10/2008,36
9/11/2008,30
9/12/2008,32
9/13/2008,44
9/14/2008,29
9/15/2008,31
9/16/2008,32
9/17/2008,42
9/18/2008,34
9/19/2008,49
9/20/2008,49
9/21/2008,48
9/22/2008,38
9/23/2008,35
9/24/2008,20
9/25/2008,41
9/26/2008,22
9/27/2008,40
9/28/2008,36
9/29/2008,36
9/30/2008,41
10/1/2008,25
10/2/2008,43
10/3/2008,42
10/4/2008,41
10/5/2008,50
10/6/2008,28
10/7/2008,43
10/8/2008,47
10/9/2008,41
10/10/2008,37
10/11/2008,42
10/12/2008,47
10/13/2008,38
10/14/2008,25
10/15/2008,46
10/16/2008,37
10/17/2008,28
10/18/2008,50
10/19/2008,23
10/20/2008,25
10/21/2008,41
10/22/2008,27
10/23/2008,20
10/24/2008,21
10/25/2008,33
10/26/2008,27
10/27/2008,30
10/28/2008,43
10/29/2008,22
10/30/2008,29
10/31/2008,39
11/1/2008,43
11/2/2008,32
11/3/2008,23
11/4/2008,39
11/5/2008,37
11/6/2008,37
11/7/2008,44
11/8/2008,45
11/9/2008,27
11/10/2008,26
11/11/2008,49
11/12/2008,38
11/13/2008,44
11/14/2008,48
11/15/2008,36
11/16/2008,31
11/17/2008,37
11/18/2008,28
11/19/2008,23
11/20/2008,24
11/21/2008,24
11/22/2008,50
11/23/2008,29
11/24/2008,48
11/25/2008,41
11/26/2008,31
11/27/2008,40
11/28/2008,34
11/29/2008,43
11/30/2008,32
12/1/2008,29
12/2/2008,33
12/3/2008,48
12/4/2008,40
12/5/2008,32
12/6/2008,29
12/7/2008,41
12/8/2008,28
12/9/2008,34
12/10/2008,22
12/11/2008,33
12/12/2008,20
12/13/2008,44
12/14/2008,50
12/15/2008,118
12/16/2008,131
12/17/2008,69
12/18/2008,130
12/19/2008,67
12/20/2008,53
12/21/2008,132
12/22/2008,78
12/23/2008,91
12/24/2008,124
12/25/2008,161
12/26/2008,54
12/27/2008,164
12/28/2008,66
12/29/2008,73
12/30/2008,149
12/31/2008,90
1/1/2009,131
1/2/2009,95
1/3/2009,66
1/4/2009,64
1/5/2009,106
1/6/2009,66
1/7/2009,52
1/8/2009,76
1/9/2009,98
1/10/2009,75
1/11/2009,61
1/12/2009,70
1/13/2009,48
1/14/2009,125
1/15/2009,63
1/16/2009,47
1/17/2009,33
1/18/2009,46
1/19/2009,23
1/20/2009,36
1/21/2009,27
1/22/2009,24
1/23/2009,28
1/24/2009,39
1/25/2009,49
1/26/2009,46
1/27/2009,42
1/28/2009,20
1/29/2009,44
1/30/2009,22
1/31/2009,40
2/1/2009,32
2/2/2009,40
2/3/2009,29
2/4/2009,43
2/5/2009,34
2/6/2009,29
2/7/2009,28
2/8/2009,22
2/9/2009,31
2/10/2009,37
2/11/2009,44
2/12/2009,22
2/13/2009,25
2/14/2009,48
2/15/2009,30
2/16/2009,40
2/17/2009,50
2/18/2009,45
2/19/2009,38
2/20/2009,23
2/21/2009,47
2/22/2009,35
2/23/2009,47
2/24/2009,38
2/25/2009,43
2/26/2009,28
2/27/2009,28
2/28/2009,36
3/1/2009,47
3/2/2009,26
3/3/2009,46
3/4/2009,39
3/5/2009,39
3/6/2009,35
3/7/2009,20
3/8/2009,20
3/9/2009,31
3/10/2009,46
3/11/2009,46
3/12/2009,36
3/13/2009,44
3/14/2009,32
3/15/2009,30
3/16/2009,39
3/17/2009,29
3/18/2009,45
3/19/2009,20
3/20/2009,42
3/21/2009,42
3/22/2009,41
3/23/2009,22
3/24/2009,44
3/25/2009,46
3/26/2009,48
3/27/2009,49
3/28/2009,27
3/29/2009,36
3/30/2009,20
3/31/2009,47
4/1/2009,60
4/2/2009,40
4/3/2009,49
4/4/2009,60
4/5/2009,119
4/6/2009,112
4/7/2009,46
4/8/2009,73
4/9/2009,73
4/10/2009,70
4/11/2009,78
4/12/2009,79
4/13/2009,42
4/14/2009,71
4/15/2009,58
4/16/2009,41
4/17/2009,48
4/18/2009,31
4/19/2009,24
4/20/2009,47
4/21/2009,23
4/22/2009,39
4/23/2009,49
4/24/2009,32
4/25/2009,32
4/26/2009,41
4/27/2009,50
4/28/2009,36
4/29/2009,37
4/30/2009,31
5/1/2009,39
5/2/2009,31
5/3/2009,40
5/4/2009,31
5/5/2009,21
5/6/2009,49
5/7/2009,47
5/8/2009,32
5/9/2009,25
5/10/2009,25
5/11/2009,21
5/12/2009,47
5/13/2009,41
5/14/2009,25
5/15/2009,32
5/16/2009,23
5/17/2009,46
5/18/2009,43
5/19/2009,33
5/20/2009,34
5/21/2009,47
5/22/2009,26
5/23/2009,26
5/24/2009,50
5/25/2009,23
5/26/2009,33
5/27/2009,35
5/28/2009,31
5/29/2009,34
5/30/2009,27
5/31/2009,32
6/1/2009,21
6/2/2009,41
6/3/2009,36
6/4/2009,44
6/5/2009,39
6/6/2009,45
6/7/2009,43
6/8/2009,44
6/9/2009,20
6/10/2009,41
6/11/2009,23
6/12/2009,30
6/13/2009,35
6/14/2009,35
6/15/2009,32
6/16/2009,36
6/17/2009,25
6/18/2009,20
6/19/2009,27
6/20/2009,49
6/21/2009,34
6/22/2009,46
6/23/2009,46
6/24/2009,49
6/25/2009,39
6/26/2009,48
6/27/2009,45
6/28/2009,24
6/29/2009,39
6/30/2009,38
7/1/2009,24
7/2/2009,42
7/3/2009,30
7/4/2009,34
7/5/2009,21
7/6/2009,47
7/7/2009,39
7/8/2009,21
7/9/2009,35
7/10/2009,47
7/11/2009,49
7/12/2009,47
7/13/2009,38
7/14/2009,24
7/15/2009,25
7/16/2009,31
7/17/2009,26
7/18/2009,22
7/19/2009,50
7/20/2009,20
7/21/2009,30
7/22/2009,25
7/23/2009,32
7/24/2009,27
7/25/2009,24
7/26/2009,25
7/27/2009,33
7/28/2009,33
7/29/2009,49
7/30/2009,49
7/31/2009,49
8/1/2009,27
8/2/2009,29
8/3/2009,41
8/4/2009,21
8/5/2009,39
8/6/2009,50
8/7/2009,42
8/8/2009,37
8/9/2009,27
8/10/2009,50
8/11/2009,47
8/12/2009,38
8/13/2009,24
8/14/2009,40
8/15/2009,49
8/16/2009,32
8/17/2009,27
8/18/2009,45
8/19/2009,45
8/20/2009,34
8/21/2009,27
8/22/2009,28
8/23/2009,48
8/24/2009,44
8/25/2009,23
8/26/2009,24
8/27/2009,27
8/28/2009,39
8/29/2009,23
8/30/2009,26
8/31/2009,37
9/1/2009,44
9/2/2009,20
9/3/2009,30
9/4/2009,25
9/5/2009,42
9/6/2009,22
9/7/2009,43
9/8/2009,45
9/9/2009,36
9/10/2009,39
9/11/2009,25
9/12/2009,23
9/13/2009,22
9/14/2009,31
9/15/2009,32
9/16/2009,47
9/17/2009,27
9/18/2009,21
9/19/2009,28
9/20/2009,46
9/21/2009,24
9/22/2009,24
9/23/2009,33
9/24/2009,36
9/25/2009,35
9/26/2009,21
9/27/2009,33
9/28/2009,27
9/29/2009,25
9/30/2009,34
10/1/2009,26
10/2/2009,25
10/3/2009,31
10/4/2009,47
10/5/2009,50
10/6/2009,47
10/7/2009,48
10/8/2009,40
10/9/2009,47
10/10/2009,36
10/11/2009,30
10/12/2009,49
10/13/2009,43
10/14/2009,28
10/15/2009,47
10/16/2009,43
10/17/2009,25
10/18/2009,20
10/19/2009,36
10/20/2009,42
10/21/2009,46
10/22/2009,46
10/23/2009,47
10/24/2009,40
10/25/2009,25
10/26/2009,22
10/27/2009,42
10/28/2009,23
10/29/2009,49
10/30/2009,26
10/31/2009,37
11/1/2009,34
11/2/2009,23
11/3/2009,35
11/4/2009,30
11/5/2009,46
11/6/2009,29
11/7/2009,29
11/8/2009,34
11/9/2009,43
11/10/2009,42
11/11/2009,39
11/12/2009,24
11/13/2009,33
11/14/2009,23
11/15/2009,42
11/16/2009,42
11/17/2009,46
11/18/2009,20
11/19/2009,45
11/20/2009,21
11/21/2009,50
11/22/2009,37
11/23/2009,35
11/24/2009,20
11/25/2009,38
11/26/2009,36
11/27/2009,40
11/28/2009,50
11/29/2009,24
11/30/2009,28
12/1/2009,20
12/2/2009,34
12/3/2009,49
12/4/2009,45
12/5/2009,37
12/6/2009,27
12/7/2009,30
12/8/2009,23
12/9/2009,26
12/10/2009,44
12/11/2009,27
12/12/2009,20
12/13/2009,28
12/14/2009,45
12/15/2009,74
12/16/2009,89
12/17/2009,191
12/18/2009,77
12/19/2009,192
12/20/2009,194
12/21/2009,96
12/22/2009,53
12/23/2009,48
12/24/2009,184
12/25/2009,199
12/26/2009,222
12/27/2009,108
12/28/2009,141
12/29/2009,66
12/30/2009,153
12/31/2009,110
1/1/2010,87
1/2/2010,83
1/3/2010,56
1/4/2010,55
1/5/2010,90
1/6/2010,96
1/7/2010,104
1/8/2010,56
1/9/2010,134
1/10/2010,44
1/11/2010,48
1/12/2010,63
1/13/2010,81
1/14/2010,88
1/15/2010,40
1/16/2010,47
1/17/2010,23
1/18/2010,46
1/19/2010,39
1/20/2010,27
1/21/2010,23
1/22/2010,23
1/23/2010,24
1/24/2010,38
1/25/2010,43
1/26/2010,50
1/27/2010,24
1/28/2010,45
1/29/2010,49
1/30/2010,23
1/31/2010,47
2/1/2010,32
2/2/2010,34
2/3/2010,48
2/4/2010,46
2/5/2010,24
2/6/2010,32
2/7/2010,21
2/8/2010,44
2/9/2010,50
2/10/2010,30
2/11/2010,38
2/12/2010,23
2/13/2010,41
2/14/2010,20
2/15/2010,45
2/16/2010,21
2/17/2010,21
2/18/2010,37
2/19/2010,40
2/20/2010,45
2/21/2010,32
2/22/2010,40
2/23/2010,34
2/24/2010,25
2/25/2010,50
2/26/2010,41
2/27/2010,28
2/28/2010,27
3/1/2010,28
3/2/2010,42
3/3/2010,43
3/4/2010,47
3/5/2010,29
3/6/2010,32
3/7/2010,42
3/8/2010,42
3/9/2010,34
3/10/2010,40
3/11/2010,20
3/12/2010,36
3/13/2010,39
3/14/2010,46
3/15/2010,44
3/16/2010,20
3/17/2010,29
3/18/2010,32
3/19/2010,30
3/20/2010,34
3/21/2010,29
3/22/2010,42
3/23/2010,26
3/24/2010,26
3/25/2010,22
3/26/2010,24
3/27/2010,32
3/28/2010,32
3/29/2010,42
3/30/2010,34
3/31/2010,32
4/1/2010,80
4/2/2010,33
4/3/2010,38
4/4/2010,64
4/5/2010,82
4/6/2010,49
4/7/2010,68
4/8/2010,42
4/9/2010,82
4/10/2010,62
4/11/2010,72
4/12/2010,64
4/13/2010,101
4/14/2010,31
4/15/2010,57
4/16/2010,31
4/17/2010,25
4/18/2010,40
4/19/2010,47
4/20/2010,47
4/21/2010,28
4/22/2010,24
4/23/2010,37
4/24/2010,39
4/25/2010,48
4/26/2010,34
4/27/2010,45
4/28/2010,46
4/29/2010,44
4/30/2010,26
5/1/2010,29
5/2/2010,37
5/3/2010,28
5/4/2010,32
5/5/2010,30
5/6/2010,28
5/7/2010,50
5/8/2010,32
5/9/2010,36
5/10/2010,41
5/11/2010,29
5/12/2010,41
5/13/2010,33
5/14/2010,26
5/15/2010,31
5/16/2010,20
5/17/2010,44
5/18/2010,31
5/19/2010,28
5/20/2010,47
5/21/2010,24
5/22/2010,22
5/23/2010,46
5/24/2010,49
5/25/2010,39
5/26/2010,23
5/27/2010,50
5/28/2010,37
5/29/2010,24
5/30/2010,25
5/31/2010,39
6/1/2010,34
6/2/2010,32
6/3/2010,29
6/4/2010,34
6/5/2010,47
6/6/2010,26
6/7/2010,39
6/8/2010,50
6/9/2010,31
6/10/2010,24
6/11/2010,37
6/12/2010,40
6/13/2010,42
6/14/2010,47
6/15/2010,40
6/16/2010,22
6/17/2010,43
6/18/2010,39
6/19/2010,30
6/20/2010,24
6/21/2010,22
6/22/2010,47
6/23/2010,21
6/24/2010,31
6/25/2010,23
6/26/2010,25
6/27/2010,37
6/28/2010,32
6/29/2010,44
6/30/2010,22
7/1/2010,42
7/2/2010,30
7/3/2010,24
7/4/2010,48
7/5/2010,38
7/6/2010,41
7/7/2010,26
7/8/2010,28
7/9/2010,44
7/10/2010,46
7/11/2010,34
7/12/2010,26
7/13/2010,43
7/14/2010,48
7/15/2010,27
7/16/2010,42
7/17/2010,29
7/18/2010,35
7/19/2010,29
7/20/2010,45
7/21/2010,34
7/22/2010,41
7/23/2010,41
7/24/2010,39
7/25/2010,31
7/26/2010,28
7/27/2010,29
7/28/2010,42
7/29/2010,46
7/30/2010,27
7/31/2010,23
8/1/2010,47
8/2/2010,34
8/3/2010,32
8/4/2010,48
8/5/2010,40
8/6/2010,45
8/7/2010,43
8/8/2010,35
8/9/2010,27
8/10/2010,25
8/11/2010,50
8/12/2010,27
8/13/2010,44
8/14/2010,29
8/15/2010,23
8/16/2010,25
8/17/2010,25
8/18/2010,26
8/19/2010,26
8/20/2010,48
8/21/2010,27
8/22/2010,23
8/23/2010,47
8/24/2010,22
8/25/2010,43
8/26/2010,48
8/27/2010,29
8/28/2010,26
8/29/2010,26
8/30/2010,32
8/31/2010,40
9/1/2010,33
9/2/2010,25
9/3/2010,34
9/4/2010,47
9/5/2010,39
9/6/2010,44
9/7/2010,34
9/8/2010,29
9/9/2010,24
9/10/2010,31
9/11/2010,26
9/12/2010,22
9/13/2010,35
9/14/2010,37
9/15/2010,22
9/16/2010,29
9/17/2010,28
9/18/2010,36
9/19/2010,41
9/20/2010,31
9/21/2010,23
9/22/2010,30
9/23/2010,29
9/24/2010,29
9/25/2010,21
9/26/2010,28
9/27/2010,26
9/28/2010,34
9/29/2010,44
9/30/2010,49
10/1/2010,28
10/2/2010,27
10/3/2010,35
10/4/2010,47
10/5/2010,45
10/6/2010,34
10/7/2010,37
10/8/2010,47
10/9/2010,40
10/10/2010,43
10/11/2010,48
10/12/2010,23
10/13/2010,45
10/14/2010,21
10/15/2010,35
10/16/2010,33
10/17/2010,37
10/18/2010,21
10/19/2010,46
10/20/2010,29
10/21/2010,32
10/22/2010,45
10/23/2010,45
10/24/2010,29
10/25/2010,23
10/26/2010,26
10/27/2010,32
10/28/2010,22
10/29/2010,43
10/30/2010,26
10/31/2010,44
11/1/2010,24
11/2/2010,31
11/3/2010,25
11/4/2010,37
11/5/2010,27
11/6/2010,35
11/7/2010,43
11/8/2010,22
11/9/2010,23
11/10/2010,45
11/11/2010,27
11/12/2010,39
11/13/2010,49
11/14/2010,35
11/15/2010,40
11/16/2010,48
11/17/2010,38
11/18/2010,21
11/19/2010,36
11/20/2010,46
11/21/2010,20
11/22/2010,20
11/23/2010,31
11/24/2010,35
11/25/2010,41
11/26/2010,31
11/27/2010,22
11/28/2010,28
11/29/2010,31
11/30/2010,50
12/1/2010,43
12/2/2010,24
12/3/2010,30
12/4/2010,48
12/5/2010,32
12/6/2010,29
12/7/2010,39
12/8/2010,43
12/9/2010,40
12/10/2010,30
12/11/2010,28
12/12/2010,42
12/13/2010,41
12/14/2010,31
12/15/2010,192
12/16/2010,133
12/17/2010,93
12/18/2010,197
12/19/2010,147
12/20/2010,103
12/21/2010,63
12/22/2010,168
12/23/2010,110
12/24/2010,162
12/25/2010,127
12/26/2010,242
12/27/2010,114
12/28/2010,124
12/29/2010,71
12/30/2010,222
12/31/2010,159
1/1/2011,92
1/2/2011,35
1/3/2011,79
1/4/2011,76
1/5/2011,92
1/6/2011,107
1/7/2011,69
1/8/2011,57
1/9/2011,73
1/10/2011,60
1/11/2011,108
1/12/2011,45
1/13/2011,96
1/14/2011,72
1/15/2011,87
1/16/2011,33
1/17/2011,40
1/18/2011,47
1/19/2011,36
1/20/2011,33
1/21/2011,32
1/22/2011,39
1/23/2011,35
1/24/2011,45
1/25/2011,44
1/26/2011,25
1/27/2011,24
1/28/2011,38
1/29/2011,31
1/30/2011,42
1/31/2011,23
2/1/2011,39
2/2/2011,32
2/3/2011,24
2/4/2011,49
2/5/2011,36
2/6/2011,38
2/7/2011,47
2/8/2011,27
2/9/2011,33
2/10/2011,23
2/11/2011,31
2/12/2011,30
2/13/2011,50
2/14/2011,33
2/15/2011,36
2/16/2011,33
2/17/2011,42
2/18/2011,28
2/19/2011,42
2/20/2011,37
2/21/2011,22
2/22/2011,23
2/23/2011,39
2/24/2011,48
2/25/2011,23
2/26/2011,21
2/27/2011,38
2/28/2011,36
3/1/2011,47
3/2/2011,25
3/3/2011,37
3/4/2011,32
3/5/2011,38
3/6/2011,42
3/7/2011,39
3/8/2011,36
3/9/2011,31
3/10/2011,44
3/11/2011,29
3/12/2011,33
3/13/2011,37
3/14/2011,31
3/15/2011,29
3/16/2011,30
3/17/2011,37
3/18/2011,27
3/19/2011,42
3/20/2011,29
3/21/2011,34
3/22/2011,48
3/23/2011,29
3/24/2011,26
3/25/2011,39
3/26/2011,46
3/27/2011,45
3/28/2011,21
3/29/2011,33
3/30/2011,35
3/31/2011,46
4/1/2011,105
4/2/2011,96
4/3/2011,63
4/4/2011,47
4/5/2011,49
4/6/2011,70
4/7/2011,53
4/8/2011,84
4/9/2011,52
4/10/2011,114
4/11/2011,64
4/12/2011,64
4/13/2011,56
4/14/2011,99
4/15/2011,41
4/16/2011,39
4/17/2011,46
4/18/2011,46
4/19/2011,22
4/20/2011,44
4/21/2011,41
4/22/2011,31
4/23/2011,47
4/24/2011,44
4/25/2011,23
4/26/2011,27
4/27/2011,25
4/28/2011,26
4/29/2011,36
4/30/2011,39
5/1/2011,29
5/2/2011,32
5/3/2011,35
5/4/2011,43
5/5/2011,40
5/6/2011,23
5/7/2011,45
5/8/2011,43
5/9/2011,47
5/10/2011,40
5/11/2011,47
5/12/2011,38
5/13/2011,39
5/14/2011,48
5/15/2011,27
5/16/2011,46
5/17/2011,43
5/18/2011,29
5/19/2011,42
5/20/2011,37
5/21/2011,25
5/22/2011,35
5/23/2011,40
5/24/2011,47
5/25/2011,22
5/26/2011,47
5/27/2011,50
5/28/2011,26
5/29/2011,21
5/30/2011,38
5/31/2011,29
6/1/2011,30
6/2/2011,23
6/3/2011,22
6/4/2011,42
6/5/2011,38
6/6/2011,24
6/7/2011,21
6/8/2011,29
6/9/2011,23
6/10/2011,49
6/11/2011,42
6/12/2011,30
6/13/2011,20
6/14/2011,46
6/15/2011,25
6/16/2011,39
6/17/2011,24
6/18/2011,29
6/19/2011,43
6/20/2011,32
6/21/2011,43
6/22/2011,42
6/23/2011,29
6/24/2011,31
6/25/2011,39
6/26/2011,40
6/27/2011,36
6/28/2011,50
6/29/2011,39
6/30/2011,49
7/1/2011,21
7/2/2011,45
7/3/2011,31
7/4/2011,50
7/5/2011,25
7/6/2011,48
7/7/2011,27
7/8/2011,40
7/9/2011,25
7/10/2011,42
7/11/2011,29
7/12/2011,39
7/13/2011,43
7/14/2011,39
7/15/2011,43
7/16/2011,41
7/17/2011,43
7/18/2011,42
7/19/2011,44
7/20/2011,41
7/21/2011,50
7/22/2011,37
7/23/2011,34
7/24/2011,30
7/25/2011,23
7/26/2011,41
7/27/2011,44
7/28/2011,39
7/29/2011,48
7/30/2011,49
7/31/2011,46
8/1/2011,27
8/2/2011,22
8/3/2011,39
8/4/2011,42
8/5/2011,31
8/6/2011,38
8/7/2011,50
8/8/2011,42
8/9/2011,20
8/10/2011,47
8/11/2011,24
8/12/2011,32
8/13/2011,27
8/14/2011,38
8/15/2011,43
8/16/2011,42
8/17/2011,42
8/18/2011,26
8/19/2011,22
8/20/2011,30
8/21/2011,20
8/22/2011,32
8/23/2011,34
8/24/2011,26
8/25/2011,36
8/26/2011,23
8/27/2011,40
8/28/2011,47
8/29/2011,48
8/30/2011,24
8/31/2011,38
9/1/2011,48
9/2/2011,27
9/3/2011,28
9/4/2011,44
9/5/2011,40
9/6/2011,48
9/7/2011,20
9/8/2011,44
9/9/2011,24
9/10/2011,26
9/11/2011,39
9/12/2011,21
9/13/2011,39
9/14/2011,26
9/15/2011,47
9/16/2011,31
9/17/2011,48
9/18/2011,45
9/19/2011,47
9/20/2011,36
9/21/2011,31
9/22/2011,45
9/23/2011,30
9/24/2011,25
9/25/2011,28
9/26/2011,35
9/27/2011,49
9/28/2011,48
9/29/2011,22
9/30/2011,22
10/1/2011,33
10/2/2011,45
10/3/2011,30
10/4/2011,40
10/5/2011,27
10/6/2011,35
10/7/2011,47
10/8/2011,48
10/9/2011,37
10/10/2011,27
10/11/2011,37
10/12/2011,34
10/13/2011,50
10/14/2011,30
10/15/2011,39
10/16/2011,28
10/17/2011,37
10/18/2011,39
10/19/2011,43
10/20/2011,30
10/21/2011,48
10/22/2011,31
10/23/2011,42
10/24/2011,23
10/25/2011,24
10/26/2011,36
10/27/2011,29
10/28/2011,38
10/29/2011,30
10/30/2011,35
10/31/2011,47
11/1/2011,24
11/2/2011,26
11/3/2011,32
11/4/2011,39
11/5/2011,38
11/6/2011,22
11/7/2011,46
11/8/2011,36
11/9/2011,22
11/10/2011,33
11/11/2011,30
11/12/2011,25
11/13/2011,49
11/14/2011,21
11/15/2011,41
11/16/2011,33
11/17/2011,45
11/18/2011,48
11/19/2011,20
11/20/2011,28
11/21/2011,48
11/22/2011,43
11/23/2011,30
11/24/2011,37
11/25/2011,22
11/26/2011,27
11/27/2011,49
11/28/2011,31
11/29/2011,29
11/30/2011,45
12/1/2011,22
12/2/2011,21
12/3/2011,21
12/4/2011,50
12/5/2011,39
12/6/2011,27
12/7/2011,30
12/8/2011,49
12/9/2011,20
12/10/2011,21
12/11/2011,31
12/12/2011,22
12/13/2011,32
12/14/2011,50
12/15/2011,76
12/16/2011,115
12/17/2011,117
12/18/2011,172
12/19/2011,87
12/20/2011,65
12/21/2011,143
12/22/2011,97
12/23/2011,101
12/24/2011,118
12/25/2011,113
12/26/2011,133
12/27/2011,214
12/28/2011,83
12/29/2011,151
12/30/2011,86
12/31/2011,114
1/1/2012,62
1/2/2012,83
1/3/2012,89
1/4/2012,58
1/5/2012,65
1/6/2012,65
1/7/2012,68
1/8/2012,112
1/9/2012,60
1/10/2012,82
1/11/2012,104
1/12/2012,110
1/13/2012,47
1/14/2012,68
1/15/2012,73
1/16/2012,39
1/17/2012,36
1/18/2012,42
1/19/2012,49
1/20/2012,50
1/21/2012,22
1/22/2012,49
1/23/2012,45
1/24/2012,37
1/25/2012,39
1/26/2012,29
1/27/2012,24
1/28/2012,48
1/29/2012,26
1/30/2012,29
1/31/2012,26
2/1/2012,25
2/2/2012,30
2/3/2012,32
2/4/2012,21
2/5/2012,43
2/6/2012,37
2/7/2012,44
2/8/2012,26
2/9/2012,31
2/10/2012,40
2/11/2012,37
2/12/2012,30
2/13/2012,32
2/14/2012,41
2/15/2012,31
2/16/2012,27
2/17/2012,28
2/18/2012,33
2/19/2012,33
2/20/2012,24
2/21/2012,42
2/22/2012,45
2/23/2012,44
2/24/2012,28
2/25/2012,35
2/26/2012,21
2/27/2012,49
2/28/2012,36
2/29/2012,25
3/1/2012,20
3/2/2012,33
3/3/2012,39
3/4/2012,37
3/5/2012,23
3/6/2012,22
3/7/2012,33
3/8/2012,48
3/9/2012,25
3/10/2012,23
3/11/2012,31
3/12/2012,37
3/13/2012,48
3/14/2012,35
3/15/2012,20
3/16/2012,46
3/17/2012,31
3/18/2012,20
3/19/2012,40
3/20/2012,50
3/21/2012,23
3/22/2012,45
3/23/2012,24
3/24/2012,23
3/25/2012,31
3/26/2012,49
3/27/2012,32
3/28/2012,29
3/29/2012,37
3/30/2012,49
3/31/2012,39
4/1/2012,61
4/2/2012,37
4/3/2012,69
4/4/2012,42
4/5/2012,77
4/6/2012,74
4/7/2012,78
4/8/2012,28
4/9/2012,74
4/10/2012,38
4/11/2012,65
4/12/2012,75
4/13/2012,106
4/14/2012,46
4/15/2012,36
4/16/2012,45
4/17/2012,29
4/18/2012,30
4/19/2012,28
4/20/2012,45
4/21/2012,42
4/22/2012,26
4/23/2012,34
4/24/2012,42
4/25/2012,50
4/26/2012,21
4/27/2012,29
4/28/2012,36
4/29/2012,34
4/30/2012,41
5/1/2012,48
5/2/2012,37
5/3/2012,24
5/4/2012,32
5/5/2012,23
5/6/2012,24
5/7/2012,33
5/8/2012,35
5/9/2012,27
5/10/2012,41
5/11/2012,41
5/12/2012,21
5/13/2012,40
5/14/2012,49
5/15/2012,43
5/16/2012,29
5/17/2012,27
5/18/2012,47
5/19/2012,48
5/20/2012,28
5/21/2012,30
5/22/2012,24
5/23/2012,47
5/24/2012,47
5/25/2012,49
5/26/2012,37
5/27/2012,49
5/28/2012,45
5/29/2012,23
5/30/2012,45
5/31/2012,31
6/1/2012,27
6/2/2012,44
6/3/2012,29
6/4/2012,24
6/5/2012,22
6/6/2012,42
6/7/2012,44
6/8/2012,32
6/9/2012,22
6/10/2012,33
6/11/2012,34
6/12/2012,50
6/13/2012,41
6/14/2012,31
6/15/2012,28
6/16/2012,35
6/17/2012,32
6/18/2012,47
6/19/2012,29
6/20/2012,43
6/21/2012,43
6/22/2012,46
6/23/2012,31
6/24/2012,23
6/25/2012,41
6/26/2012,26
6/27/2012,21
6/28/2012,36
6/29/2012,27
6/30/2012,44
7/1/2012,32
7/2/2012,22
7/3/2012,41
7/4/2012,21
7/5/2012,35
7/6/2012,44
7/7/2012,39
7/8/2012,29
7/9/2012,43
7/10/2012,28
7/11/2012,31
7/12/2012,46
7/13/2012,43
7/14/2012,28
7/15/2012,50
7/16/2012,35
7/17/2012,43
7/18/2012,37
7/19/2012,22
7/20/2012,29
7/21/2012,44
7/22/2012,27
7/23/2012,35
7/24/2012,32
7/25/2012,39
7/26/2012,33
7/27/2012,25
7/28/2012,32
7/29/2012,47
7/30/2012,44
7/31/2012,22
8/1/2012,39
8/2/2012,40
8/3/2012,44
8/4/2012,38
8/5/2012,38
8/6/2012,30
8/7/2012,45
8/8/2012,42
8/9/2012,42
8/10/2012,30
8/11/2012,35
8/12/2012,41
8/13/2012,21
8/14/2012,33
8/15/2012,25
8/16/2012,37
8/17/2012,38
8/18/2012,23
8/19/2012,35
8/20/2012,29
8/21/2012,33
8/22/2012,30
8/23/2012,26
8/24/2012,32
8/25/2012,20
8/26/2012,31
8/27/2012,46
8/28/2012,47
8/29/2012,30
8/30/2012,33
8/31/2012,45
9/1/2012,27
9/2/2012,31
9/3/2012,37
9/4/2012,24
9/5/2012,49
9/6/2012,33
9/7/2012,22
9/8/2012,39
9/9/2012,39
9/10/2012,48
9/11/2012,47
9/12/2012,27
9/13/2012,35
9/14/2012,46
9/15/2012,40
9/16/2012,26
9/17/2012,41
9/18/2012,46
9/19/2012,38
9/20/2012,23
9/21/2012,42
9/22/2012,34
9/23/2012,45
9/24/2012,45
9/25/2012,23
9/26/2012,22
9/27/2012,34
9/28/2012,49
9/29/2012,46
9/30/2012,21
10/1/2012,26
10/2/2012,22
10/3/2012,42
10/4/2012,49
10/5/2012,31
10/6/2012,21
10/7/2012,23
10/8/2012,24
10/9/2012,48
10/10/2012,25
10/11/2012,20
10/12/2012,48
10/13/2012,39
10/14/2012,37
10/15/2012,48
10/16/2012,36
10/17/2012,29
10/18/2012,44
10/19/2012,25
10/20/2012,44
10/21/2012,30
10/22/2012,20
10/23/2012,30
10/24/2012,24
10/25/2012,33
10/26/2012,37
10/27/2012,30
10/28/2012,30
10/29/2012,49
10/30/2012,34
10/31/2012,50
11/1/2012,29
11/2/2012,45
11/3/2012,48
11/4/2012,36
11/5/2012,44
11/6/2012,31
11/7/2012,39
11/8/2012,49
11/9/2012,43
11/10/2012,26
11/11/2012,48
11/12/2012,27
11/13/2012,23
11/14/2012,34
11/15/2012,22
11/16/2012,22
11/17/2012,25
11/18/2012,30
11/19/2012,48
11/20/2012,36
11/21/2012,37
11/22/2012,28
11/23/2012,44
11/24/2012,27
11/25/2012,46
11/26/2012,20
11/27/2012,47
11/28/2012,39
11/29/2012,41
11/30/2012,44
12/1/2012,37
12/2/2012,38
12/3/2012,45
12/4/2012,27
12/5/2012,28
12/6/2012,20
12/7/2012,49
12/8/2012,34
12/9/2012,21
12/10/2012,49
12/11/2012,41
12/12/2012,49
12/13/2012,25
12/14/2012,30
12/15/2012,130
12/16/2012,104
12/17/2012,146
12/18/2012,139
12/19/2012,126
12/20/2012,103
12/21/2012,71
12/22/2012,156
12/23/2012,63
12/24/2012,89
12/25/2012,91
12/26/2012,205
12/27/2012,174
12/28/2012,85
12/29/2012,138
12/30/2012,123
12/31/2012,130
1/1/2013,72
1/2/2013,56
1/3/2013,103
1/4/2013,64
1/5/2013,74
1/6/2013,95
1/7/2013,49
1/8/2013,79
1/9/2013,71
1/10/2013,87
1/11/2013,67
1/12/2013,82
1/13/2013,67
1/14/2013,95
1/15/2013,59
1/16/2013,32
1/17/2013,20
1/18/2013,29
1/19/2013,22
1/20/2013,39
1/21/2013,30
1/22/2013,29
1/23/2013,27
1/24/2013,33
1/25/2013,38
1/26/2013,42
1/27/2013,25
1/28/2013,32
1/29/2013,46
1/30/2013,31
1/31/2013,38
2/1/2013,33
2/2/2013,42
2/3/2013,22
2/4/2013,40
2/5/2013,50
2/6/2013,26
2/7/2013,20
2/8/2013,32
2/9/2013,49
2/10/2013,23
2/11/2013,40
2/12/2013,41
2/13/2013,40
2/14/2013,38
2/15/2013,38
2/16/2013,30
2/17/2013,21
2/18/2013,41
2/19/2013,28
2/20/2013,38
2/21/2013,49
2/22/2013,44
2/23/2013,47
2/24/2013,26
2/25/2013,43
2/26/2013,29
2/27/2013,21
2/28/2013,34
3/1/2013,20
3/2/2013,41
3/3/2013,35
3/4/2013,40
3/5/2013,20
3/6/2013,25
3/7/2013,30
3/8/2013,41
3/9/2013,22
3/10/2013,27
3/11/2013,36
3/12/2013,21
3/13/2013,22
3/14/2013,40
3/15/2013,45
3/16/2013,34
3/17/2013,48
3/18/2013,26
3/19/2013,45
3/20/2013,29
3/21/2013,40
3/22/2013,38
3/23/2013,34
3/24/2013,44
3/25/2013,43
3/26/2013,48
3/27/2013,41
3/28/2013,34
3/29/2013,36
3/30/2013,42
3/31/2013,29
4/1/2013,54
4/2/2013,72
4/3/2013,53
4/4/2013,66
4/5/2013,29
4/6/2013,65
4/7/2013,41
4/8/2013,103
4/9/2013,52
4/10/2013,36
4/11/2013,84
4/12/2013,114
4/13/2013,41
4/14/2013,64
4/15/2013,65
4/16/2013,31
4/17/2013,41
4/18/2013,39
4/19/2013,40
4/20/2013,28
4/21/2013,34
4/22/2013,42
4/23/2013,45
4/24/2013,48
4/25/2013,40
4/26/2013,40
4/27/2013,24
4/28/2013,43
4/29/2013,46
4/30/2013,38
5/1/2013,33
5/2/2013,30
5/3/2013,23
5/4/2013,41
5/5/2013,47
5/6/2013,31
5/7/2013,31
5/8/2013,27
5/9/2013,29
5/10/2013,28
5/11/2013,27
5/12/2013,31
5/13/2013,26
5/14/2013,47
5/15/2013,28
5/16/2013,20
5/17/2013,42
5/18/2013,48
5/19/2013,37
5/20/2013,34
5/21/2013,45
5/22/2013,42
5/23/2013,38
5/24/2013,29
5/25/2013,34
5/26/2013,34
5/27/2013,36
5/28/2013,21
5/29/2013,28
5/30/2013,48
5/31/2013,27
6/1/2013,40
6/2/2013,24
6/3/2013,23
6/4/2013,49
6/5/2013,39
6/6/2013,46
6/7/2013,44
6/8/2013,49
6/9/2013,34
6/10/2013,35
6/11/2013,22
6/12/2013,26
6/13/2013,42
6/14/2013,24
6/15/2013,21
6/16/2013,27
6/17/2013,20
6/18/2013,43
6/19/2013,25
6/20/2013,27
6/21/2013,33
6/22/2013,43
6/23/2013,27
6/24/2013,48
6/25/2013,25
6/26/2013,46
6/27/2013,41
6/28/2013,47
6/29/2013,46
6/30/2013,28
7/1/2013,27
7/2/2013,21
7/3/2013,23
7/4/2013,24
7/5/2013,35
7/6/2013,22
7/7/2013,22
7/8/2013,41
7/9/2013,37
7/10/2013,48
7/11/2013,46
7/12/2013,50
7/13/2013,37
7/14/2013,23
7/15/2013,43
7/16/2013,41
7/17/2013,34
7/18/2013,21
7/19/2013,40
7/20/2013,42
7/21/2013,25
7/22/2013,47
7/23/2013,49
7/24/2013,40
7/25/2013,21
7/26/2013,39
7/27/2013,23
7/28/2013,47
7/29/2013,42
7/30/2013,21
7/31/2013,35
8/1/2013,22
8/2/2013,46
8/3/2013,32
8/4/2013,41
8/5/2013,44
8/6/2013,36
8/7/2013,48
8/8/2013,47
8/9/2013,41
8/10/2013,39
8/11/2013,28
8/12/2013,49
8/13/2013,47
8/14/2013,23
8/15/2013,31
8/16/2013,27
8/17/2013,40
8/18/2013,43
8/19/2013,26
8/20/2013,35
8/21/2013,48
8/22/2013,29
8/23/2013,39
8/24/2013,37
8/25/2013,47
8/26/2013,48
8/27/2013,25
8/28/2013,24
8/29/2013,21
8/30/2013,24
8/31/2013,41
9/1/2013,43
9/2/2013,30
9/3/2013,20
9/4/2013,23
9/5/2013,25
9/6/2013,42
9/7/2013,24
9/8/2013,48
9/9/2013,23
9/10/2013,23
9/11/2013,39
9/12/2013,50
9/13/2013,42
9/14/2013,36
9/15/2013,40
9/16/2013,34
9/17/2013,21
9/18/2013,30
9/19/2013,21
9/20/2013,41
9/21/2013,32
9/22/2013,22
9/23/2013,32
9/24/2013,25
9/25/2013,21
9/26/2013,22
9/27/2013,47
9/28/2013,31
9/29/2013,36
9/30/2013,26
10/1/2013,38
10/2/2013,42
10/3/2013,48
10/4/2013,22
10/5/2013,34
10/6/2013,37
10/7/2013,40
10/8/2013,24
10/9/2013,46
10/10/2013,48
10/11/2013,42
10/12/2013,45
10/13/2013,21
10/14/2013,42
10/15/2013,47
10/16/2013,40
10/17/2013,23
10/18/2013,22
10/19/2013,40
10/20/2013,42
10/21/2013,30
10/22/2013,25
10/23/2013,49
10/24/2013,45
10/25/2013,49
10/26/2013,41
10/27/2013,30
10/28/2013,21
10/29/2013,40
10/30/2013,25
10/31/2013,36
11/1/2013,39
11/2/2013,43
11/3/2013,31
11/4/2013,31
11/5/2013,42
11/6/2013,23
11/7/2013,21
11/8/2013,48
11/9/2013,26
11/10/2013,22
11/11/2013,41
11/12/2013,30
11/13/2013,41
11/14/2013,27
11/15/2013,30
11/16/2013,28
11/17/2013,39
11/18/2013,21
11/19/2013,21
11/20/2013,50
11/21/2013,34
11/22/2013,22
11/23/2013,33
11/24/2013,48
11/25/2013,38
11/26/2013,39
11/27/2013,46
11/28/2013,30
11/29/2013,36
11/30/2013,21
12/1/2013,28
12/2/2013,39
12/3/2013,29
12/4/2013,43
12/5/2013,41
12/6/2013,47
12/7/2013,33
12/8/2013,44
12/9/2013,44
12/10/2013,49
12/11/2013,27
12/12/2013,45
12/13/2013,40
12/14/2013,40
12/15/2013,123
12/16/2013,151
12/17/2013,160
12/18/2013,68
12/19/2013,98
12/20/2013,114
12/21/2013,43
12/22/2013,89
12/23/2013,102
12/24/2013,148
12/25/2013,123
12/26/2013,132
12/27/2013,100
12/28/2013,85
12/29/2013,145
12/30/2013,75
12/31/2013,122
1/1/2014,74
1/2/2014,34
1/3/2014,93
1/4/2014,61
1/5/2014,114
1/6/2014,35
1/7/2014,116
1/8/2014,72
1/9/2014,116
1/10/2014,83
1/11/2014,98
1/12/2014,62
1/13/2014,102
1/14/2014,91
1/15/2014,70
1/16/2014,46
1/17/2014,34
1/18/2014,31
1/19/2014,25
1/20/2014,27
1/21/2014,44
1/22/2014,28
1/23/2014,30
1/24/2014,33
1/25/2014,32
1/26/2014,46
1/27/2014,31
1/28/2014,40
1/29/2014,45
1/30/2014,41
1/31/2014,22
2/1/2014,44
2/2/2014,45
2/3/2014,37
2/4/2014,21
2/5/2014,44
2/6/2014,47
2/7/2014,25
2/8/2014,40
2/9/2014,47
2/10/2014,48
2/11/2014,29
2/12/2014,30
2/13/2014,47
2/14/2014,36
2/15/2014,38
2/16/2014,46
2/17/2014,40
2/18/2014,32
2/19/2014,37
2/20/2014,21
2/21/2014,20
2/22/2014,20
2/23/2014,39
2/24/2014,48
2/25/2014,20
2/26/2014,45
2/27/2014,37
2/28/2014,33
3/1/2014,31
3/2/2014,37
3/3/2014,46
3/4/2014,50
3/5/2014,48
3/6/2014,41
3/7/2014,37
3/8/2014,41
3/9/2014,35
3/10/2014,27
3/11/2014,42
3/12/2014,44
3/13/2014,46
3/14/2014,50
3/15/2014,26
3/16/2014,31
3/17/2014,27
3/18/2014,23
3/19/2014,29
3/20/2014,26
3/21/2014,39
3/22/2014,42
3/23/2014,44
3/24/2014,35
3/25/2014,44
3/26/2014,45
3/27/2014,40
3/28/2014,49
3/29/2014,43
3/30/2014,40
3/31/2014,21
4/1/2014,60
4/2/2014,45
4/3/2014,76
4/4/2014,59
4/5/2014,63
4/6/2014,98
4/7/2014,46
4/8/2014,84
4/9/2014,73
4/10/2014,93
4/11/2014,82
4/12/2014,87
4/13/2014,49
4/14/2014,57
4/15/2014,36
4/16/2014,32
4/17/2014,40
4/18/2014,48
4/19/2014,44
4/20/2014,38
4/21/2014,38
4/22/2014,41
4/23/2014,39
4/24/2014,34
4/25/2014,39
4/26/2014,21
4/27/2014,42
4/28/2014,38
4/29/2014,31
4/30/2014,20
5/1/2014,22
5/2/2014,45
5/3/2014,25
5/4/2014,39
5/5/2014,25
5/6/2014,40
5/7/2014,43
5/8/2014,31
5/9/2014,22
5/10/2014,40
5/11/2014,40
5/12/2014,40
5/13/2014,33
5/14/2014,34
5/15/2014,37
5/16/2014,21
5/17/2014,25
5/18/2014,34
5/19/2014,23
5/20/2014,45
5/21/2014,33
5/22/2014,25
5/23/2014,36
5/24/2014,20
5/25/2014,21
5/26/2014,36
5/27/2014,39
5/28/2014,47
5/29/2014,44
5/30/2014,44
5/31/2014,34
6/1/2014,31
6/2/2014,21
6/3/2014,43
6/4/2014,26
6/5/2014,35
6/6/2014,39
6/7/2014,20
6/8/2014,23
6/9/2014,30
6/10/2014,29
6/11/2014,36
6/12/2014,42
6/13/2014,28
6/14/2014,28
6/15/2014,37
6/16/2014,42
6/17/2014,22
6/18/2014,23
6/19/2014,39
6/20/2014,33
6/21/2014,20
6/22/2014,30
6/23/2014,42
6/24/2014,44
6/25/2014,23
6/26/2014,34
6/27/2014,44
6/28/2014,31
6/29/2014,34
6/30/2014,48
7/1/2014,50
7/2/2014,22
7/3/2014,25
7/4/2014,41
7/5/2014,26
7/6/2014,27
7/7/2014,50
7/8/2014,48
7/9/2014,45
7/10/2014,27
7/11/2014,24
7/12/2014,28
7/13/2014,28
7/14/2014,41
7/15/2014,37
7/16/2014,25
7/17/2014,42
7/18/2014,46
7/19/2014,42
7/20/2014,22
7/21/2014,26
7/22/2014,26
7/23/2014,33
7/24/2014,33
7/25/2014,27
7/26/2014,25
7/27/2014,35
7/28/2014,36
7/29/2014,28
7/30/2014,30
7/31/2014,46
8/1/2014,30
8/2/2014,29
8/3/2014,23
8/4/2014,29
8/5/2014,32
8/6/2014,32
8/7/2014,31
8/8/2014,20
8/9/2014,39
8/10/2014,30
8/11/2014,46
8/12/2014,41
8/13/2014,20
8/14/2014,34
8/15/2014,38
8/16/2014,24
8/17/2014,37
8/18/2014,22
8/19/2014,28
8/20/2014,34
8/21/2014,50
8/22/2014,38
8/23/2014,47
8/24/2014,49
8/25/2014,47
8/26/2014,24
8/27/2014,29
8/28/2014,33
8/29/2014,27
8/30/2014,38
8/31/2014,21
9/1/2014,40
9/2/2014,41
9/3/2014,21
9/4/2014,41
9/5/2014,28
9/6/2014,42
9/7/2014,34
9/8/2014,30
9/9/2014,22
9/10/2014,46
9/11/2014,21
9/12/2014,45
9/13/2014,32
9/14/2014,24
9/15/2014,42
9/16/2014,36
9/17/2014,31
9/18/2014,47
9/19/2014,49
9/20/2014,31
9/21/2014,26
9/22/2014,41
9/23/2014,44
9/24/2014,21
9/25/2014,39
9/26/2014,20
9/27/2014,33
9/28/2014,49
9/29/2014,49
9/30/2014,29
10/1/2014,32
10/2/2014,23
10/3/2014,43
10/4/2014,48
10/5/2014,25
10/6/2014,26
10/7/2014,23
10/8/2014,43
10/9/2014,24
10/10/2014,50
10/11/2014,21
10/12/2014,40
10/13/2014,48
10/14/2014,49
10/15/2014,46
10/16/2014,49
10/17/2014,21
10/18/2014,47
10/19/2014,43
10/20/2014,44
10/21/2014,36
10/22/2014,37
10/23/2014,21
10/24/2014,34
10/25/2014,46
10/26/2014,33
10/27/2014,35
10/28/2014,22
10/29/2014,24
10/30/2014,21
10/31/2014,40
11/1/2014,28
11/2/2014,24
11/3/2014,41
11/4/2014,46
11/5/2014,25
11/6/2014,38
11/7/2014,29
11/8/2014,44
11/9/2014,31
11/10/2014,33
11/11/2014,21
11/12/2014,21
11/13/2014,35
11/14/2014,26
11/15/2014,48
11/16/2014,34
11/17/2014,42
11/18/2014,49
11/19/2014,34
11/20/2014,25
11/21/2014,50
11/22/2014,47
11/23/2014,29
11/24/2014,41
11/25/2014,46
11/26/2014,26
11/27/2014,46
11/28/2014,33
11/29/2014,38
11/30/2014,44
12/1/2014,23
12/2/2014,28
12/3/2014,46
12/4/2014,38
12/5/2014,49
12/6/2014,47
12/7/2014,50
12/8/2014,28
12/9/2014,26
12/10/2014,32
12/11/2014,25
12/12/2014,41
12/13/2014,36
12/14/2014,28
12/15/2014,99
12/16/2014,187
12/17/2014,148
12/18/2014,93
12/19/2014,224
12/20/2014,136
12/21/2014,136
12/22/2014,184
12/23/2014,186
12/24/2014,69
12/25/2014,160
12/26/2014,97
12/27/2014,83
12/28/2014,84
12/29/2014,178
12/30/2014,162
12/31/2014,106
1/1/2015,65
1/2/2015,77
1/3/2015,80
1/4/2015,55
1/5/2015,45
1/6/2015,71
1/7/2015,124
1/8/2015,108
1/9/2015,113
1/10/2015,112
1/11/2015,74
1/12/2015,80
1/13/2015,73
1/14/2015,67
1/15/2015,72
1/16/2015,46
1/17/2015,49
1/18/2015,40
1/19/2015,40
1/20/2015,26
1/21/2015,42
1/22/2015,29
1/23/2015,32
1/24/2015,33
1/25/2015,45
1/26/2015,30
1/27/2015,48
1/28/2015,49
1/29/2015,36
1/30/2015,31
1/31/2015,37
2/1/2015,43
2/2/2015,41
2/3/2015,36
2/4/2015,26
2/5/2015,26
2/6/2015,35
2/7/2015,40
2/8/2015,20
2/9/2015,34
2/10/2015,50
2/11/2015,26
2/12/2015,42
2/13/2015,21
2/14/2015,38
2/15/2015,36
2/16/2015,31
2/17/2015,21
2/18/2015,25
2/19/2015,50
2/20/2015,37
2/21/2015,33
2/22/2015,22
2/23/2015,28
2/24/2015,27
2/25/2015,48
2/26/2015,40
2/27/2015,33
2/28/2015,36
3/1/2015,33
3/2/2015,21
3/3/2015,32
3/4/2015,40
3/5/2015,28
3/6/2015,47
3/7/2015,21
3/8/2015,46
3/9/2015,35
3/10/2015,27
3/11/2015,25
3/12/2015,22
3/13/2015,33
3/14/2015,34
3/15/2015,22
3/16/2015,49
3/17/2015,42
3/18/2015,20
3/19/2015,27
3/20/2015,42
3/21/2015,21
3/22/2015,37
3/23/2015,41
3/24/2015,23
3/25/2015,20
3/26/2015,39
3/27/2015,43
3/28/2015,30
3/29/2015,50
3/30/2015,26
3/31/2015,36
4/1/2015,52
4/2/2015,68
4/3/2015,106
4/4/2015,37
4/5/2015,54
4/6/2015,51
4/7/2015,38
4/8/2015,76
4/9/2015,75
4/10/2015,114
4/11/2015,65
4/12/2015,100
4/13/2015,35
4/14/2015,42
4/15/2015,115
4/16/2015,32
4/17/2015,24
4/18/2015,38
4/19/2015,20
4/20/2015,39
4/21/2015,26
4/22/2015,37
4/23/2015,45
4/24/2015,34
4/25/2015,50
4/26/2015,40
4/27/2015,45
4/28/2015,28
4/29/2015,48
4/30/2015,42
5/1/2015,47
5/2/2015,21
5/3/2015,28
5/4/2015,32
5/5/2015,48
5/6/2015,48
5/7/2015,32
5/8/2015,31
5/9/2015,26
5/10/2015,32
5/11/2015,28
5/12/2015,44
5/13/2015,41
5/14/2015,30
5/15/2015,44
5/16/2015,23
5/17/2015,43
5/18/2015,43
5/19/2015,43
5/20/2015,50
5/21/2015,21
5/22/2015,28
5/23/2015,23
5/24/2015,24
5/25/2015,20
5/26/2015,49
5/27/2015,50
5/28/2015,35
5/29/2015,43
5/30/2015,40
5/31/2015,20
6/1/2015,41
6/2/2015,46
6/3/2015,31
6/4/2015,27
6/5/2015,23
6/6/2015,35
6/7/2015,36
6/8/2015,41
6/9/2015,49
6/10/2015,24
6/11/2015,36
6/12/2015,46
6/13/2015,27
6/14/2015,50
6/15/2015,37
6/16/2015,49
6/17/2015,49
6/18/2015,39
6/19/2015,29
6/20/2015,47
6/21/2015,27
6/22/2015,20
6/23/2015,27
6/24/2015,39
6/25/2015,35
6/26/2015,42
6/27/2015,22
6/28/2015,46
6/29/2015,23
6/30/2015,24
7/1/2015,28
7/2/2015,27
7/3/2015,45
7/4/2015,26
7/5/2015,50
7/6/2015,46
7/7/2015,35
7/8/2015,33
7/9/2015,43
7/10/2015,22
7/11/2015,35
7/12/2015,31
7/13/2015,23
7/14/2015,31
7/15/2015,43
7/16/2015,45
7/17/2015,46
7/18/2015,48
7/19/2015,43
7/20/2015,49
7/21/2015,37
7/22/2015,47
7/23/2015,31
7/24/2015,35
7/25/2015,46
7/26/2015,39
7/27/2015,38
7/28/2015,49
7/29/2015,26
7/30/2015,40
7/31/2015,20
8/1/2015,23
8/2/2015,37
8/3/2015,38
8/4/2015,28
8/5/2015,48
8/6/2015,47
8/7/2015,28
8/8/2015,45
8/9/2015,24
8/10/2015,37
8/11/2015,21
8/12/2015,34
8/13/2015,20
8/14/2015,21
8/15/2015,42
8/16/2015,29
8/17/2015,31
8/18/2015,32
8/19/2015,20
8/20/2015,32
8/21/2015,25
8/22/2015,20
8/23/2015,34
8/24/2015,30
8/25/2015,37
8/26/2015,36
8/27/2015,25
8/28/2015,47
8/29/2015,31
8/30/2015,30
8/31/2015,33
9/1/2015,20
9/2/2015,46
9/3/2015,37
9/4/2015,26
9/5/2015,43
9/6/2015,40
9/7/2015,36
9/8/2015,30
9/9/2015,46
9/10/2015,32
9/11/2015,37
9/12/2015,34
9/13/2015,43
9/14/2015,23
9/15/2015,39
9/16/2015,49
9/17/2015,25
9/18/2015,40
9/19/2015,38
9/20/2015,31
9/21/2015,45
9/22/2015,42
9/23/2015,40
9/24/2015,30
9/25/2015,49
9/26/2015,27
9/27/2015,33
9/28/2015,49
9/29/2015,31
9/30/2015,43
10/1/2015,21
10/2/2015,32
10/3/2015,33
10/4/2015,45
10/5/2015,34
10/6/2015,42
10/7/2015,28
10/8/2015,34
10/9/2015,38
10/10/2015,32
10/11/2015,26
10/12/2015,40
10/13/2015,27
10/14/2015,27
10/15/2015,49
10/16/2015,27
10/17/2015,45
10/18/2015,32
10/19/2015,39
10/20/2015,29
10/21/2015,42
10/22/2015,24
10/23/2015,26
10/24/2015,32
10/25/2015,41
10/26/2015,27
10/27/2015,29
10/28/2015,38
10/29/2015,30
10/30/2015,30
10/31/2015,21
11/1/2015,35
11/2/2015,36
11/3/2015,20
11/4/2015,43
11/5/2015,31
11/6/2015,40
11/7/2015,25
11/8/2015,36
11/9/2015,43
11/10/2015,37
11/11/2015,23
11/12/2015,23
11/13/2015,46
11/14/2015,32
11/15/2015,45
11/16/2015,23
11/17/2015,49
11/18/2015,25
11/19/2015,34
11/20/2015,42
11/21/2015,42
11/22/2015,42
11/23/2015,28
11/24/2015,27
11/25/2015,38
11/26/2015,46
11/27/2015,49
11/28/2015,32
11/29/2015,27
11/30/2015,47
12/1/2015,24
12/2/2015,46
12/3/2015,33
12/4/2015,43
12/5/2015,34
12/6/2015,27
12/7/2015,20
12/8/2015,26
12/9/2015,23
12/10/2015,46
12/11/2015,42
12/12/2015,33
12/13/2015,32
12/14/2015,41
12/15/2015,202
12/16/2015,158
12/17/2015,66
12/18/2015,99
12/19/2015,140
12/20/2015,205
12/21/2015,106
12/22/2015,77
12/23/2015,184
12/24/2015,224
12/25/2015,148
12/26/2015,217
12/27/2015,178
12/28/2015,110
12/29/2015,82
12/30/2015,78
12/31/2015,167
1/1/2016,33
1/2/2016,116
1/3/2016,91
1/4/2016,86
1/5/2016,125
1/6/2016,99
1/7/2016,72
1/8/2016,101
1/9/2016,69
1/10/2016,90
1/11/2016,73
1/12/2016,88
1/13/2016,68
1/14/2016,48
1/15/2016,83
1/16/2016,30
1/17/2016,21
1/18/2016,29
1/19/2016,30
1/20/2016,23
1/21/2016,35
1/22/2016,29
1/23/2016,39
1/24/2016,44
1/25/2016,40
1/26/2016,22
1/27/2016,29
1/28/2016,26
1/29/2016,28
1/30/2016,34
1/31/2016,31
2/1/2016,31
2/2/2016,49
2/3/2016,34
2/4/2016,43
2/5/2016,25
2/6/2016,39
2/7/2016,48
2/8/2016,25
2/9/2016,31
2/10/2016,23
2/11/2016,48
2/12/2016,42
2/13/2016,43
2/14/2016,31
2/15/2016,20
2/16/2016,25
2/17/2016,44
2/18/2016,32
2/19/2016,33
2/20/2016,42
2/21/2016,42
2/22/2016,42
2/23/2016,30
2/24/2016,47
2/25/2016,40
2/26/2016,26
2/27/2016,35
2/28/2016,37
2/29/2016,20
3/1/2016,43
3/2/2016,24
3/3/2016,42
3/4/2016,37
3/5/2016,40
3/6/2016,40
3/7/2016,41
3/8/2016,23
3/9/2016,31
3/10/2016,49
3/11/2016,45
3/12/2016,41
3/13/2016,37
3/14/2016,46
3/15/2016,44
3/16/2016,21
3/17/2016,20
3/18/2016,33
3/19/2016,26
3/20/2016,36
3/21/2016,29
3/22/2016,34
3/23/2016,33
3/24/2016,32
3/25/2016,23
3/26/2016,25
3/27/2016,35
3/28/2016,21
3/29/2016,40
3/30/2016,41
3/31/2016,31
4/1/2016,73
4/2/2016,65
4/3/2016,70
4/4/2016,55
4/5/2016,99
4/6/2016,51
4/7/2016,61
4/8/2016,56
4/9/2016,60
4/10/2016,79
4/11/2016,76
4/12/2016,99
4/13/2016,75
4/14/2016,97
4/15/2016,66
4/16/2016,23
4/17/2016,30
4/18/2016,38
4/19/2016,21
4/20/2016,29
4/21/2016,34
4/22/2016,35
4/23/2016,37
4/24/2016,24
4/25/2016,36
4/26/2016,47
4/27/2016,46
4/28/2016,45
4/29/2016,41
4/30/2016,42
5/1/2016,34
5/2/2016,30
5/3/2016,48
5/4/2016,43
5/5/2016,41
5/6/2016,35
5/7/2016,32
5/8/2016,28
5/9/2016,48
5/10/2016,42
5/11/2016,25
5/12/2016,39
5/13/2016,47
5/14/2016,41
5/15/2016,41
5/16/2016,42
5/17/2016,24
5/18/2016,25
5/19/2016,40
5/20/2016,47
5/21/2016,37
5/22/2016,29
5/23/2016,27
5/24/2016,29
5/25/2016,41
5/26/2016,36
5/27/2016,32
5/28/2016,28
5/29/2016,20
5/30/2016,31
5/31/2016,41
6/1/2016,50
6/2/2016,35
6/3/2016,47
6/4/2016,38
6/5/2016,22
6/6/2016,46
6/7/2016,23
6/8/2016,27
6/9/2016,31
6/10/2016,39
6/11/2016,34
6/12/2016,20
6/13/2016,45
6/14/2016,48
6/15/2016,29
6/16/2016,28
6/17/2016,29
6/18/2016,46
6/19/2016,21
6/20/2016,30
6/21/2016,33
6/22/2016,44
6/23/2016,31
6/24/2016,43
6/25/2016,47
6/26/2016,36
6/27/2016,38
6/28/2016,31
6/29/2016,48
6/30/2016,27
7/1/2016,40
7/2/2016,21
7/3/2016,48
7/4/2016,25
7/5/2016,44
7/6/2016,43
7/7/2016,21
7/8/2016,31
7/9/2016,20
7/10/2016,50
7/11/2016,50
7/12/2016,34
7/13/2016,35
7/14/2016,27
7/15/2016,43
7/16/2016,32
7/17/2016,26
7/18/2016,24
7/19/2016,43
7/20/2016,34
7/21/2016,28
7/22/2016,35
7/23/2016,35
7/24/2016,31
7/25/2016,50
7/26/2016,28
7/27/2016,48
7/28/2016,46
7/29/2016,36
7/30/2016,45
7/31/2016,30
8/1/2016,34
8/2/2016,35
8/3/2016,37
8/4/2016,23
8/5/2016,26
8/6/2016,34
8/7/2016,50
8/8/2016,41
8/9/2016,41
8/10/2016,32
8/11/2016,45
8/12/2016,46
8/13/2016,36
8/14/2016,47
8/15/2016,45
8/16/2016,25
8/17/2016,37
8/18/2016,43
8/19/2016,37
8/20/2016,48
8/21/2016,29
8/22/2016,50
8/23/2016,21
8/24/2016,46
8/25/2016,47
8/26/2016,28
8/27/2016,50
8/28/2016,39
8/29/2016,33
8/30/2016,40
8/31/2016,38
9/1/2016,31
9/2/2016,42
9/3/2016,50
9/4/2016,34
9/5/2016,37
9/6/2016,36
9/7/2016,23
9/8/2016,45
9/9/2016,42
9/10/2016,23
9/11/2016,36
9/12/2016,36
9/13/2016,30
9/14/2016,41
9/15/2016,43
9/16/2016,46
9/17/2016,30
9/18/2016,20
9/19/2016,23
9/20/2016,45
9/21/2016,37
9/22/2016,22
9/23/2016,22
9/24/2016,46
9/25/2016,25
9/26/2016,23
9/27/2016,27
9/28/2016,41
9/29/2016,44
9/30/2016,31
10/1/2016,27
10/2/2016,38
10/3/2016,41
10/4/2016,41
10/5/2016,20
10/6/2016,35
10/7/2016,39
10/8/2016,37
10/9/2016,35
10/10/2016,32
10/11/2016,23
10/12/2016,37
10/13/2016,49
10/14/2016,42
10/15/2016,39
10/16/2016,43
10/17/2016,41
10/18/2016,39
10/19/2016,34
10/20/2016,43
10/21/2016,32
10/22/2016,26
10/23/2016,20
10/24/2016,20
10/25/2016,39
10/26/2016,34
10/27/2016,22
10/28/2016,37
10/29/2016,27
10/30/2016,23
10/31/2016,30
11/1/2016,35
11/2/2016,30
11/3/2016,36
11/4/2016,43
11/5/2016,29
11/6/2016,34
11/7/2016,23
11/8/2016,43
11/9/2016,47
11/10/2016,49
11/11/2016,40
11/12/2016,33
11/13/2016,29
11/14/2016,30
11/15/2016,50
11/16/2016,43
11/17/2016,37
11/18/2016,48
11/19/2016,23
11/20/2016,23
11/21/2016,22
11/22/2016,34
11/23/2016,25
11/24/2016,50
11/25/2016,26
11/26/2016,40
11/27/2016,29
11/28/2016,32
11/29/2016,29
11/30/2016,43
12/1/2016,26
12/2/2016,37
12/3/2016,45
12/4/2016,23
12/5/2016,26
12/6/2016,20
12/7/2016,26
12/8/2016,43
12/9/2016,44
12/10/2016,47
12/11/2016,21
12/12/2016,40
12/13/2016,50
12/14/2016,35
12/15/2016,174
12/16/2016,153
12/17/2016,97
12/18/2016,106
12/19/2016,93
12/20/2016,107
12/21/2016,124
12/22/2016,73
12/23/2016,198
12/24/2016,75
12/25/2016,58
12/26/2016,140
12/27/2016,93
12/28/2016,146
12/29/2016,106
12/30/2016,140
12/31/2016,132
1/1/2017,58
1/2/2017,116
1/3/2017,92
1/4/2017,40
1/5/2017,84
1/6/2017,55
1/7/2017,73
1/8/2017,123
1/9/2017,51
1/10/2017,67
1/11/2017,82
1/12/2017,40
1/13/2017,80
1/14/2017,58
1/15/2017,138
1/16/2017,49
1/17/2017,42
1/18/2017,49
1/19/2017,50
1/20/2017,38
1/21/2017,21
1/22/2017,44
1/23/2017,49
1/24/2017,32
1/25/2017,20
1/26/2017,26
1/27/2017,29
1/28/2017,26
1/29/2017,43
1/30/2017,21
1/31/2017,48
2/1/2017,49
2/2/2017,34
2/3/2017,30
2/4/2017,50
2/5/2017,20
2/6/2017,38
2/7/2017,42
2/8/2017,50
2/9/2017,25
2/10/2017,46
2/11/2017,25
2/12/2017,43
2/13/2017,49
2/14/2017,25
2/15/2017,29
2/16/2017,21
2/17/2017,50
2/18/2017,31
2/19/2017,47
2/20/2017,40
2/21/2017,35
2/22/2017,46
2/23/2017,48
2/24/2017,35
2/25/2017,22
2/26/2017,50
2/27/2017,24
2/28/2017,35
3/1/2017,22
3/2/2017,22
3/3/2017,26
3/4/2017,38
3/5/2017,32
3/6/2017,20
3/7/2017,46
3/8/2017,20
3/9/2017,30
3/10/2017,49
3/11/2017,35
3/12/2017,31
3/13/2017,26
3/14/2017,48
3/15/2017,39
3/16/2017,44
3/17/2017,38
3/18/2017,29
3/19/2017,26
3/20/2017,22
3/21/2017,39
3/22/2017,27
3/23/2017,41
3/24/2017,25
3/25/2017,49
3/26/2017,31
3/27/2017,35
3/28/2017,20
3/29/2017,31
3/30/2017,27
3/31/2017,50
4/1/2017,57
4/2/2017,91
4/3/2017,88
4/4/2017,34
4/5/2017,36
4/6/2017,78
4/7/2017,92
4/8/2017,35
4/9/2017,59
4/10/2017,26
4/11/2017,77
4/12/2017,51
4/13/2017,65
4/14/2017,80
4/15/2017,72
4/16/2017,22
4/17/2017,34
4/18/2017,45
4/19/2017,25
4/20/2017,32
4/21/2017,39
4/22/2017,24
4/23/2017,50
4/24/2017,47
4/25/2017,21
4/26/2017,29
4/27/2017,23
4/28/2017,27
4/29/2017,45
4/30/2017,48
5/1/2017,21
5/2/2017,20
5/3/2017,47
5/4/2017,39
5/5/2017,25
5/6/2017,37
5/7/2017,25
5/8/2017,49
5/9/2017,34
5/10/2017,29
5/11/2017,20
5/12/2017,38
5/13/2017,26
5/14/2017,50
5/15/2017,31
5/16/2017,34
5/17/2017,46
5/18/2017,20
5/19/2017,30
5/20/2017,34
5/21/2017,26
5/22/2017,41
5/23/2017,35
5/24/2017,40
5/25/2017,32
5/26/2017,31
5/27/2017,47
5/28/2017,27
5/29/2017,22
5/30/2017,42
5/31/2017,22
6/1/2017,44
6/2/2017,21
6/3/2017,29
6/4/2017,30
6/5/2017,40
6/6/2017,42
6/7/2017,31
6/8/2017,33
6/9/2017,24
6/10/2017,32
6/11/2017,21
6/12/2017,21
6/13/2017,39
6/14/2017,42
6/15/2017,38
6/16/2017,46
6/17/2017,40
6/18/2017,23
6/19/2017,43
6/20/2017,31
6/21/2017,47
6/22/2017,44
6/23/2017,39
6/24/2017,22
6/25/2017,30
6/26/2017,47
6/27/2017,22
6/28/2017,29
6/29/2017,46
6/30/2017,39
7/1/2017,32
7/2/2017,47
7/3/2017,31
7/4/2017,32
7/5/2017,36
7/6/2017,46
7/7/2017,49
7/8/2017,34
7/9/2017,29
7/10/2017,26
7/11/2017,48
7/12/2017,39
7/13/2017,20
7/14/2017,21
7/15/2017,21
7/16/2017,30
7/17/2017,30
7/18/2017,23
7/19/2017,32
7/20/2017,28
7/21/2017,20
7/22/2017,31
7/23/2017,41
7/24/2017,31
7/25/2017,35
7/26/2017,32
7/27/2017,27
7/28/2017,43
7/29/2017,48
7/30/2017,46
7/31/2017,33
8/1/2017,34
8/2/2017,45
8/3/2017,40
8/4/2017,37
8/5/2017,37
8/6/2017,31
8/7/2017,38
8/8/2017,28
8/9/2017,43
8/10/2017,41
8/11/2017,41
8/12/2017,39
8/13/2017,49
8/14/2017,47
8/15/2017,42
8/16/2017,31
8/17/2017,50
8/18/2017,41
8/19/2017,48
8/20/2017,24
8/21/2017,25
8/22/2017,31
8/23/2017,41
8/24/2017,34
8/25/2017,23
8/26/2017,45
8/27/2017,32
8/28/2017,25
8/29/2017,41
8/30/2017,28
8/31/2017,38
9/1/2017,45
9/2/2017,48
9/3/2017,30
9/4/2017,20
9/5/2017,47
9/6/2017,48
9/7/2017,31
9/8/2017,48
9/9/2017,20
9/10/2017,30
9/11/2017,42
9/12/2017,28
9/13/2017,38
9/14/2017,45
9/15/2017,27
9/16/2017,39
9/17/2017,38
9/18/2017,24
9/19/2017,30
9/20/2017,40
9/21/2017,23
9/22/2017,45
9/23/2017,48
9/24/2017,29
9/25/2017,36
9/26/2017,25
9/27/2017,44
9/28/2017,27
9/29/2017,25
9/30/2017,33
10/1/2017,40
10/2/2017,49
10/3/2017,23
10/4/2017,29
10/5/2017,23
10/6/2017,38
10/7/2017,23
10/8/2017,24
10/9/2017,24
10/10/2017,36
10/11/2017,23
10/12/2017,24
10/13/2017,21
10/14/2017,23
10/15/2017,45
10/16/2017,45
10/17/2017,35
10/18/2017,24
10/19/2017,39
10/20/2017,46
10/21/2017,48
10/22/2017,48
10/23/2017,38
10/24/2017,27
10/25/2017,25
10/26/2017,28
10/27/2017,34
10/28/2017,46
10/29/2017,44
10/30/2017,31
10/31/2017,22
11/1/2017,35
11/2/2017,40
11/3/2017,48
11/4/2017,40
11/5/2017,21
11/6/2017,46
11/7/2017,39
11/8/2017,24
11/9/2017,31
11/10/2017,32
11/11/2017,37
11/12/2017,41
11/13/2017,31
11/14/2017,41
11/15/2017,29
11/16/2017,21
11/17/2017,28
11/18/2017,37
11/19/2017,36
11/20/2017,40
11/21/2017,41
11/22/2017,28
11/23/2017,30
11/24/2017,49
11/25/2017,28
11/26/2017,32
11/27/2017,22
11/28/2017,30
11/29/2017,20
11/30/2017,48
12/1/2017,23
12/2/2017,24
12/3/2017,33
12/4/2017,36
12/5/2017,36
12/6/2017,48
12/7/2017,29
12/8/2017,30
12/9/2017,30
12/10/2017,39
12/11/2017,27
12/12/2017,42
12/13/2017,36
12/14/2017,23
12/15/2017,119
12/16/2017,100
12/17/2017,78
12/18/2017,77
12/19/2017,106
12/20/2017,132
12/21/2017,77
12/22/2017,90
12/23/2017,75
12/24/2017,81
12/25/2017,132
12/26/2017,101
12/27/2017,142
12/28/2017,182
12/29/2017,192
12/30/2017,47
12/31/2017,117
1/1/2018,60
1/2/2018,89
1/3/2018,85
1/4/2018,79
1/5/2018,104
1/6/2018,71
1/7/2018,88
1/8/2018,83
1/9/2018,73
1/10/2018,55
1/11/2018,73
1/12/2018,42
1/13/2018,48
1/14/2018,135
1/15/2018,55
1/16/2018,39
1/17/2018,23
1/18/2018,32
1/19/2018,48
1/20/2018,50
1/21/2018,45
1/22/2018,44
1/23/2018,39
1/24/2018,27
1/25/2018,32
1/26/2018,43
1/27/2018,33
1/28/2018,37
1/29/2018,35
1/30/2018,28
1/31/2018,22
2/1/2018,34
2/2/2018,41
2/3/2018,44
2/4/2018,36
2/5/2018,39
2/6/2018,43
2/7/2018,43
2/8/2018,21
2/9/2018,44
2/10/2018,44
2/11/2018,34
2/12/2018,29
2/13/2018,25
2/14/2018,26
2/15/2018,47
2/16/2018,25
2/17/2018,27
2/18/2018,34
2/19/2018,35
2/20/2018,46
2/21/2018,50
2/22/2018,25
2/23/2018,24
2/24/2018,33
2/25/2018,30
2/26/2018,24
2/27/2018,22
2/28/2018,40
3/1/2018,37
3/2/2018,29
3/3/2018,32
3/4/2018,45
3/5/2018,32
3/6/2018,39
3/7/2018,27
3/8/2018,30
3/9/2018,39
3/10/2018,31
3/11/2018,47
3/12/2018,20
3/13/2018,36
3/14/2018,45
3/15/2018,42
3/16/2018,34
3/17/2018,20
3/18/2018,26
3/19/2018,26
3/20/2018,28
3/21/2018,35
3/22/2018,38
3/23/2018,30
3/24/2018,26
3/25/2018,24
3/26/2018,49
3/27/2018,20
3/28/2018,41
3/29/2018,50
3/30/2018,46
3/31/2018,48
4/1/2018,40
4/2/2018,87
4/3/2018,100
4/4/2018,88
4/5/2018,68
4/6/2018,47
4/7/2018,45
4/8/2018,107
4/9/2018,54
4/10/2018,37
4/11/2018,55
4/12/2018,46
4/13/2018,30
4/14/2018,64
4/15/2018,40
4/16/2018,20
4/17/2018,47
4/18/2018,22
4/19/2018,48
4/20/2018,22
4/21/2018,29
4/22/2018,31
4/23/2018,23
4/24/2018,36
4/25/2018,31
4/26/2018,20
4/27/2018,36
4/28/2018,23
4/29/2018,43
4/30/2018,44
5/1/2018,28
5/2/2018,50
5/3/2018,34
5/4/2018,20
5/5/2018,22
5/6/2018,44
5/7/2018,48
5/8/2018,34
5/9/2018,47
5/10/2018,36
5/11/2018,27
5/12/2018,24
5/13/2018,22
5/14/2018,24
5/15/2018,35
5/16/2018,40
5/17/2018,29
5/18/2018,48
5/19/2018,41
5/20/2018,31
5/21/2018,25
5/22/2018,23
5/23/2018,40
5/24/2018,28
5/25/2018,35
5/26/2018,28
5/27/2018,29
5/28/2018,21
5/29/2018,37
5/30/2018,31
5/31/2018,43
6/1/2018,43
6/2/2018,29
6/3/2018,43
6/4/2018,27
6/5/2018,33
6/6/2018,37
6/7/2018,32
6/8/2018,23
6/9/2018,38
6/10/2018,22
6/11/2018,20
6/12/2018,28
6/13/2018,43
6/14/2018,40
6/15/2018,35
6/16/2018,43
6/17/2018,34
6/18/2018,33
6/19/2018,40
6/20/2018,25
6/21/2018,46
6/22/2018,38
6/23/2018,35
6/24/2018,37
6/25/2018,27
6/26/2018,50
6/27/2018,38
6/28/2018,25
6/29/2018,38
6/30/2018,22
7/1/2018,22
7/2/2018,45
7/3/2018,45
7/4/2018,36
7/5/2018,47
7/6/2018,44
7/7/2018,35
7/8/2018,34
7/9/2018,33
7/10/2018,30
7/11/2018,36
7/12/2018,37
7/13/2018,40
7/14/2018,21
7/15/2018,23
7/16/2018,33
7/17/2018,39
7/18/2018,21
7/19/2018,42
7/20/2018,39
7/21/2018,21
7/22/2018,31
7/23/2018,48
7/24/2018,37
7/25/2018,23
7/26/2018,37
7/27/2018,44
7/28/2018,50
7/29/2018,21
7/30/2018,21
7/31/2018,41
8/1/2018,21
8/2/2018,42
8/3/2018,25
8/4/2018,46
8/5/2018,32
8/6/2018,39
8/7/2018,27
8/8/2018,42
8/9/2018,48
8/10/2018,34
8/11/2018,25
8/12/2018,40
8/13/2018,42
8/14/2018,25
8/15/2018,36
8/16/2018,27
8/17/2018,25
8/18/2018,42
8/19/2018,38
8/20/2018,31
8/21/2018,50
8/22/2018,21
8/23/2018,39
8/24/2018,27
8/25/2018,33
8/26/2018,25
8/27/2018,44
8/28/2018,47
8/29/2018,36
8/30/2018,50
8/31/2018,28
9/1/2018,44
9/2/2018,26
9/3/2018,49
9/4/2018,26
9/5/2018,37
9/6/2018,42
9/7/2018,34
9/8/2018,35
9/9/2018,20
9/10/2018,23
9/11/2018,38
9/12/2018,28
9/13/2018,46
9/14/2018,26
9/15/2018,47
9/16/2018,35
9/17/2018,21
9/18/2018,38
9/19/2018,33
9/20/2018,31
9/21/2018,42
9/22/2018,34
9/23/2018,40
9/24/2018,33
9/25/2018,39
9/26/2018,22
9/27/2018,30
9/28/2018,35
9/29/2018,26
9/30/2018,50
10/1/2018,38
10/2/2018,37
10/3/2018,48
10/4/2018,31
10/5/2018,23
10/6/2018,40
10/7/2018,44
10/8/2018,27
10/9/2018,43
10/10/2018,22
10/11/2018,29
10/12/2018,31
10/13/2018,48
10/14/2018,29
10/15/2018,24
10/16/2018,30
10/17/2018,39
10/18/2018,25
10/19/2018,47
10/20/2018,31
10/21/2018,47
10/22/2018,33
10/23/2018,43
10/24/2018,40
10/25/2018,31
10/26/2018,40
10/27/2018,42
10/28/2018,48
10/29/2018,22
10/30/2018,27
10/31/2018,31
11/1/2018,26
11/2/2018,25
11/3/2018,45
11/4/2018,43
11/5/2018,50
11/6/2018,25
11/7/2018,22
11/8/2018,49
11/9/2018,41
11/10/2018,40
11/11/2018,43
11/12/2018,46
11/13/2018,44
11/14/2018,37
11/15/2018,28
11/16/2018,42
11/17/2018,43
11/18/2018,33
11/19/2018,31
11/20/2018,48
11/21/2018,23
11/22/2018,27
11/23/2018,36
11/24/2018,32
11/25/2018,36
11/26/2018,23
11/27/2018,24
11/28/2018,30
11/29/2018,33
11/30/2018,37
12/1/2018,22
12/2/2018,30
12/3/2018,23
12/4/2018,39
12/5/2018,50
12/6/2018,38
12/7/2018,31
12/8/2018,46
12/9/2018,35
12/10/2018,45
12/11/2018,40
12/12/2018,32
12/13/2018,46
12/14/2018,25
12/15/2018,199
12/16/2018,58
12/17/2018,155
12/18/2018,145
12/19/2018,60
12/20/2018,187
12/21/2018,172
12/22/2018,142
12/23/2018,182
12/24/2018,192
12/25/2018,119
12/26/2018,112
12/27/2018,201
12/28/2018,150
12/29/2018,72
12/30/2018,142
12/31/2018,131
1/1/2019,105
1/2/2019,73
1/3/2019,129
1/4/2019,129
1/5/2019,142
1/6/2019,71
1/7/2019,40
1/8/2019,50
1/9/2019,77
1/10/2019,90
1/11/2019,108
1/12/2019,119
1/13/2019,78
1/14/2019,101
1/15/2019,52
1/16/2019,29
1/17/2019,23
1/18/2019,22
1/19/2019,25
1/20/2019,36
1/21/2019,28
1/22/2019,40
1/23/2019,37
1/24/2019,44
1/25/2019,49
1/26/2019,41
1/27/2019,42
1/28/2019,24
1/29/2019,48
1/30/2019,36
1/31/2019,21
2/1/2019,29
2/2/2019,23
2/3/2019,36
2/4/2019,44
2/5/2019,45
2/6/2019,44
2/7/2019,38
2/8/2019,49
2/9/2019,30
2/10/2019,35
2/11/2019,22
2/12/2019,43
2/13/2019,25
2/14/2019,43
2/15/2019,21
2/16/2019,44
2/17/2019,35
2/18/2019,44
2/19/2019,41
2/20/2019,30
2/21/2019,38
2/22/2019,25
2/23/2019,33
2/24/2019,33
2/25/2019,32
2/26/2019,42
2/27/2019,49
2/28/2019,24
3/1/2019,43
3/2/2019,22
3/3/2019,45
3/4/2019,44
3/5/2019,38
3/6/2019,46
3/7/2019,40
3/8/2019,46
3/9/2019,46
3/10/2019,50
3/11/2019,36
3/12/2019,34
3/13/2019,34
3/14/2019,44
3/15/2019,38
3/16/2019,44
3/17/2019,33
3/18/2019,46
3/19/2019,26
3/20/2019,34
3/21/2019,29
3/22/2019,47
3/23/2019,23
3/24/2019,29
3/25/2019,24
3/26/2019,39
3/27/2019,24
3/28/2019,47
3/29/2019,33
3/30/2019,24
3/31/2019,43
4/1/2019,57
4/2/2019,70
4/3/2019,92
4/4/2019,57
4/5/2019,89
4/6/2019,63
4/7/2019,36
4/8/2019,32
4/9/2019,69
4/10/2019,60
4/11/2019,42
4/12/2019,46
4/13/2019,68
4/14/2019,97
4/15/2019,55
4/16/2019,41
4/17/2019,48
4/18/2019,35
4/19/2019,37
4/20/2019,35
4/21/2019,26
4/22/2019,33
4/23/2019,34
4/24/2019,50
4/25/2019,34
4/26/2019,31
4/27/2019,29
4/28/2019,37
4/29/2019,27
4/30/2019,41
5/1/2019,33
5/2/2019,30
5/3/2019,41
5/4/2019,44
5/5/2019,47
5/6/2019,26
5/7/2019,41
5/8/2019,50
5/9/2019,27
5/10/2019,35
5/11/2019,22
5/12/2019,47
5/13/2019,32
5/14/2019,49
5/15/2019,24
5/16/2019,21
5/17/2019,48
5/18/2019,31
5/19/2019,26
5/20/2019,45
5/21/2019,41
5/22/2019,26
5/23/2019,33
5/24/2019,40
5/25/2019,23
5/26/2019,45
5/27/2019,40
5/28/2019,38
5/29/2019,49
5/30/2019,22
5/31/2019,23
6/1/2019,43
6/2/2019,37
6/3/2019,35
6/4/2019,48
6/5/2019,31
6/6/2019,41
6/7/2019,33
6/8/2019,34
6/9/2019,43
6/10/2019,27
6/11/2019,37
6/12/2019,31
6/13/2019,24
6/14/2019,22
6/15/2019,23
6/16/2019,23
6/17/2019,27
6/18/2019,23
6/19/2019,40
6/20/2019,47
6/21/2019,33
6/22/2019,20
6/23/2019,38
6/24/2019,41
6/25/2019,39
6/26/2019,37
6/27/2019,24
6/28/2019,24
6/29/2019,44
6/30/2019,20
7/1/2019,46
7/2/2019,24
7/3/2019,39
7/4/2019,20
7/5/2019,30
7/6/2019,32
7/7/2019,21
7/8/2019,25
7/9/2019,34
7/10/2019,47
7/11/2019,20
7/12/2019,39
7/13/2019,34
7/14/2019,31
7/15/2019,33
7/16/2019,29
7/17/2019,38
7/18/2019,47
7/19/2019,50
7/20/2019,22
7/21/2019,35
7/22/2019,36
7/23/2019,31
7/24/2019,30
7/25/2019,44
7/26/2019,39
7/27/2019,50
7/28/2019,49
7/29/2019,22
7/30/2019,43
7/31/2019,30
8/1/2019,35
8/2/2019,27
8/3/2019,42
8/4/2019,22
8/5/2019,40
8/6/2019,46
8/7/2019,23
8/8/2019,44
8/9/2019,44
8/10/2019,23
8/11/2019,42
8/12/2019,41
8/13/2019,38
8/14/2019,33
8/15/2019,23
8/16/2019,45
8/17/2019,34
8/18/2019,48
8/19/2019,44
8/20/2019,45
8/21/2019,50
8/22/2019,38
8/23/2019,34
8/24/2019,38
8/25/2019,32
8/26/2019,50
8/27/2019,29
8/28/2019,31
8/29/2019,40
8/30/2019,47
8/31/2019,47
9/1/2019,48
9/2/2019,41
9/3/2019,48
9/4/2019,38
9/5/2019,44
9/6/2019,48
9/7/2019,24
9/8/2019,44
9/9/2019,31
9/10/2019,23
9/11/2019,28
9/12/2019,45
9/13/2019,40
9/14/2019,24
9/15/2019,30
9/16/2019,27
9/17/2019,43
9/18/2019,45
9/19/2019,39
9/20/2019,21
9/21/2019,27
9/22/2019,36
9/23/2019,22
9/24/2019,49
9/25/2019,37
9/26/2019,37
9/27/2019,43
9/28/2019,48
9/29/2019,38
9/30/2019,48
10/1/2019,24
10/2/2019,42
10/3/2019,38
10/4/2019,29
10/5/2019,46
10/6/2019,38
10/7/2019,38
10/8/2019,44
10/9/2019,49
10/10/2019,41
10/11/2019,42
10/12/2019,35
10/13/2019,29
10/14/2019,21
10/15/2019,41
10/16/2019,37
10/17/2019,33
10/18/2019,35
10/19/2019,48
10/20/2019,24
10/21/2019,28
10/22/2019,22
10/23/2019,41
10/24/2019,40
10/25/2019,45
10/26/2019,41
10/27/2019,46
10/28/2019,21
10/29/2019,41
10/30/2019,39
10/31/2019,39
11/1/2019,47
11/2/2019,21
11/3/2019,23
11/4/2019,35
11/5/2019,45
11/6/2019,44
11/7/2019,21
11/8/2019,23
11/9/2019,30
11/10/2019,31
11/11/2019,23
11/12/2019,27
11/13/2019,36
11/14/2019,43
11/15/2019,47
11/16/2019,32
11/17/2019,50
11/18/2019,45
11/19/2019,43
11/20/2019,24
11/21/2019,27
11/22/2019,21
11/23/2019,32
11/24/2019,29
11/25/2019,34
11/26/2019,30
11/27/2019,24
11/28/2019,29
11/29/2019,44
11/30/2019,47
12/1/2019,48
12/2/2019,46
12/3/2019,35
12/4/2019,46
12/5/2019,22
12/6/2019,31
12/7/2019,27
12/8/2019,22
12/9/2019,50
12/10/2019,45
12/11/2019,22
12/12/2019,35
12/13/2019,24
12/14/2019,41
12/15/2019,91
12/16/2019,102
12/17/2019,162
12/18/2019,162
12/19/2019,78
12/20/2019,62
12/21/2019,116
12/22/2019,112
12/23/2019,98
12/24/2019,141
12/25/2019,106
12/26/2019,51
12/27/2019,179
12/28/2019,45
12/29/2019,125
12/30/2019,109
12/31/2019,97
1/1/2020,75
1/2/2020,84
1/3/2020,63
1/4/2020,76
1/5/2020,80
1/6/2020,92
1/7/2020,80
1/8/2020,47
1/9/2020,48
1/10/2020,55
1/11/2020,108
1/12/2020,42
1/13/2020,67
1/14/2020,85
1/15/2020,51
1/16/2020,28
1/17/2020,28
1/18/2020,23
1/19/2020,23
1/20/2020,41
1/21/2020,42
1/22/2020,40
1/23/2020,35
1/24/2020,38
1/25/2020,41
1/26/2020,32
1/27/2020,35
1/28/2020,30
1/29/2020,46
1/30/2020,36
1/31/2020,48
2/1/2020,36
2/2/2020,42
2/3/2020,21
2/4/2020,32
2/5/2020,25
2/6/2020,42
2/7/2020,28
2/8/2020,36
2/9/2020,26
2/10/2020,34
2/11/2020,47
2/12/2020,32
2/13/2020,30
2/14/2020,21
2/15/2020,48
2/16/2020,33
2/17/2020,32
2/18/2020,32
2/19/2020,33
2/20/2020,47
2/21/2020,22
2/22/2020,29
2/23/2020,37
2/24/2020,27
2/25/2020,42
2/26/2020,42
2/27/2020,50
2/28/2020,43
2/29/2020,28
3/1/2020,24
3/2/2020,47
3/3/2020,24
3/4/2020,29
3/5/2020,33
3/6/2020,21
3/7/2020,25
3/8/2020,44
3/9/2020,43
3/10/2020,37
3/11/2020,42
3/12/2020,38
3/13/2020,33
3/14/2020,22
3/15/2020,29
3/16/2020,24
3/17/2020,28
3/18/2020,43
3/19/2020,24
3/20/2020,48
3/21/2020,26
3/22/2020,47
3/23/2020,29
3/24/2020,23
3/25/2020,40
3/26/2020,46
3/27/2020,48
3/28/2020,41
3/29/2020,40
3/30/2020,43
3/31/2020,26
4/1/2020,88
4/2/2020,68
4/3/2020,67
4/4/2020,39
4/5/2020,45
4/6/2020,35
4/7/2020,85
4/8/2020,83
4/9/2020,46
4/10/2020,68
4/11/2020,70
4/12/2020,43
4/13/2020,33
4/14/2020,52
4/15/2020,64
4/16/2020,31
4/17/2020,40
4/18/2020,42
4/19/2020,30
4/20/2020,22
4/21/2020,48
4/22/2020,35
4/23/2020,28
4/24/2020,24
4/25/2020,39
4/26/2020,20
4/27/2020,28
4/28/2020,35
4/29/2020,43
4/30/2020,32
5/1/2020,36
5/2/2020,26
5/3/2020,35
5/4/2020,39
5/5/2020,39
5/6/2020,36
5/7/2020,41
5/8/2020,32
5/9/2020,44
5/10/2020,43
5/11/2020,38
5/12/2020,45
5/13/2020,46
5/14/2020,39
5/15/2020,42
5/16/2020,26
5/17/2020,22
5/18/2020,26
5/19/2020,47
5/20/2020,46
5/21/2020,34
5/22/2020,27
5/23/2020,33
5/24/2020,25
5/25/2020,23
5/26/2020,49
5/27/2020,27
5/28/2020,42
5/29/2020,27
5/30/2020,27
5/31/2020,34
6/1/2020,43
6/2/2020,23
6/3/2020,40
6/4/2020,36
6/5/2020,36
6/6/2020,27
6/7/2020,38
6/8/2020,44
6/9/2020,29
6/10/2020,30
6/11/2020,45
6/12/2020,33
6/13/2020,37
6/14/2020,27
6/15/2020,30
6/16/2020,47
6/17/2020,25
6/18/2020,27
6/19/2020,20
6/20/2020,28
6/21/2020,39
6/22/2020,34
6/23/2020,35
6/24/2020,46
6/25/2020,42
6/26/2020,43
6/27/2020,23
6/28/2020,48
6/29/2020,23
6/30/2020,37
7/1/2020,27
7/2/2020,45
7/3/2020,30
7/4/2020,47
7/5/2020,47
7/6/2020,31
7/7/2020,47
7/8/2020,20
7/9/2020,32
7/10/2020,49
7/11/2020,48
7/12/2020,50
7/13/2020,50
7/14/2020,27
7/15/2020,38
7/16/2020,27
7/17/2020,43
7/18/2020,25
7/19/2020,28
7/20/2020,37
7/21/2020,32
7/22/2020,48
7/23/2020,27
7/24/2020,43
7/25/2020,32
7/26/2020,28
7/27/2020,50
7/28/2020,44
7/29/2020,32
7/30/2020,26
7/31/2020,20
8/1/2020,41
8/2/2020,37
8/3/2020,48
8/4/2020,40
8/5/2020,37
8/6/2020,50
8/7/2020,36
8/8/2020,37
8/9/2020,38
8/10/2020,49
8/11/2020,37
8/12/2020,28
8/13/2020,39
8/14/2020,21
8/15/2020,24
8/16/2020,36
8/17/2020,22
8/18/2020,40
8/19/2020,50
8/20/2020,45
8/21/2020,48
8/22/2020,32
8/23/2020,30
8/24/2020,32
8/25/2020,34
8/26/2020,48
8/27/2020,31
8/28/2020,48
8/29/2020,24
8/30/2020,31
8/31/2020,32
9/1/2020,25
9/2/2020,31
9/3/2020,31
9/4/2020,36
9/5/2020,38
9/6/2020,35
9/7/2020,31
9/8/2020,38
9/9/2020,31
9/10/2020,44
9/11/2020,25
9/12/2020,23
9/13/2020,22
9/14/2020,31
9/15/2020,36
9/16/2020,32
9/17/2020,20
9/18/2020,29
9/19/2020,43
9/20/2020,28
9/21/2020,40
9/22/2020,40
9/23/2020,31
9/24/2020,23
9/25/2020,41
9/26/2020,46
9/27/2020,25
9/28/2020,48
9/29/2020,37
9/30/2020,38
10/1/2020,28
10/2/2020,43
10/3/2020,20
10/4/2020,38
10/5/2020,36
10/6/2020,21
10/7/2020,36
10/8/2020,44
10/9/2020,37
10/10/2020,37
10/11/2020,29
10/12/2020,26
10/13/2020,32
10/14/2020,33
10/15/2020,24
10/16/2020,26
10/17/2020,36
10/18/2020,31
10/19/2020,34
10/20/2020,32
10/21/2020,34
10/22/2020,27
10/23/2020,45
10/24/2020,21
10/25/2020,31
10/26/2020,31
10/27/2020,38
10/28/2020,44
10/29/2020,25
10/30/2020,47
10/31/2020,45
11/1/2020,43
11/2/2020,29
11/3/2020,38
11/4/2020,43
11/5/2020,23
11/6/2020,30
11/7/2020,23
11/8/2020,22
11/9/2020,42
11/10/2020,45
11/11/2020,30
11/12/2020,20
11/13/2020,22
11/14/2020,30
11/15/2020,50
11/16/2020,29
11/17/2020,50
11/18/2020,32
11/19/2020,40
11/20/2020,41
11/21/2020,42
11/22/2020,23
11/23/2020,32
11/24/2020,26
11/25/2020,31
11/26/2020,26
11/27/2020,35
11/28/2020,34
11/29/2020,49
11/30/2020,26
12/1/2020,30
12/2/2020,30
12/3/2020,31
12/4/2020,38
12/5/2020,32
12/6/2020,47
12/7/2020,33
12/8/2020,22
12/9/2020,33
12/10/2020,41
12/11/2020,30
12/12/2020,26
12/13/2020,33
12/14/2020,46
12/15/2020,156
12/16/2020,62
12/17/2020,163
12/18/2020,69
12/19/2020,137
12/20/2020,156
12/21/2020,109
12/22/2020,160
12/23/2020,85
12/24/2020,134
12/25/2020,91
12/26/2020,178
12/27/2020,93
12/28/2020,152
12/29/2020,93
12/30/2020,179
12/31/2020,168
1/1/2021,83
1/2/2021,105
1/3/2021,50
1/4/2021,54
1/5/2021,119
1/6/2021,58
1/7/2021,75
1/8/2021,66
1/9/2021,97
1/10/2021,53
1/11/2021,57
1/12/2021,64
1/13/2021,63
1/14/2021,83
1/15/2021,54
1/16/2021,29
1/17/2021,48
1/18/2021,41
1/19/2021,33
1/20/2021,30
1/21/2021,24
1/22/2021,23
1/23/2021,24
1/24/2021,22
1/25/2021,42
1/26/2021,23
1/27/2021,47
1/28/2021,23
1/29/2021,40
1/30/2021,48
1/31/2021,39
2/1/2021,36
2/2/2021,33
2/3/2021,27
2/4/2021,42
2/5/2021,28
2/6/2021,25
2/7/2021,48
2/8/2021,28
2/9/2021,27
2/10/2021,32
2/11/2021,33
2/12/2021,40
2/13/2021,25
2/14/2021,26
2/15/2021,32
2/16/2021,30
2/17/2021,31
2/18/2021,41
2/19/2021,29
2/20/2021,36
2/21/2021,21
2/22/2021,43
2/23/2021,41
2/24/2021,36
2/25/2021,46
2/26/2021,43
2/27/2021,35
2/28/2021,47
3/1/2021,23
3/2/2021,46
3/3/2021,24
3/4/2021,27
3/5/2021,50
3/6/2021,33
3/7/2021,48
3/8/2021,40
3/9/2021,45
3/10/2021,33
3/11/2021,46
3/12/2021,42
3/13/2021,37
3/14/2021,39
3/15/2021,32
3/16/2021,34
3/17/2021,43
3/18/2021,31
3/19/2021,40
3/20/2021,27
3/21/2021,28
3/22/2021,27
3/23/2021,50
3/24/2021,49
3/25/2021,35
3/26/2021,40
3/27/2021,40
3/28/2021,20
3/29/2021,43
3/30/2021,30
3/31/2021,22
4/1/2021,65
4/2/2021,77
4/3/2021,48
4/4/2021,29
4/5/2021,73
4/6/2021,61
4/7/2021,92
4/8/2021,60
4/9/2021,85
4/10/2021,54
4/11/2021,64
4/12/2021,74
4/13/2021,45
4/14/2021,73
4/15/2021,73
4/16/2021,30
4/17/2021,20
4/18/2021,36
4/19/2021,30
4/20/2021,40
4/21/2021,23
4/22/2021,46
4/23/2021,44
4/24/2021,29
4/25/2021,45
4/26/2021,36
4/27/2021,41
4/28/2021,49
4/29/2021,45
4/30/2021,39
5/1/2021,29
5/2/2021,35
5/3/2021,22
5/4/2021,46
5/5/2021,42
5/6/2021,31
5/7/2021,36
5/8/2021,22
5/9/2021,41
5/10/2021,24
5/11/2021,23
5/12/2021,49
5/13/2021,30
5/14/2021,44
5/15/2021,45
5/16/2021,41
5/17/2021,49
5/18/2021,32
5/19/2021,46
5/20/2021,44
5/21/2021,38
5/22/2021,44
5/23/2021,39
5/24/2021,39
5/25/2021,45
5/26/2021,25
5/27/2021,28
5/28/2021,20
5/29/2021,34
5/30/2021,44
5/31/2021,42
6/1/2021,47
6/2/2021,37
6/3/2021,50
6/4/2021,21
6/5/2021,26
6/6/2021,43
6/7/2021,36
6/8/2021,26
6/9/2021,33
6/10/2021,43
6/11/2021,20
6/12/2021,38
6/13/2021,48
6/14/2021,34
6/15/2021,33
6/16/2021,46
6/17/2021,25
6/18/2021,40
6/19/2021,21
6/20/2021,26
6/21/2021,27
6/22/2021,29
6/23/2021,29
6/24/2021,47
6/25/2021,29
6/26/2021,32
6/27/2021,45
6/28/2021,47
6/29/2021,27
6/30/2021,33
7/1/2021,39
7/2/2021,41
7/3/2021,40
7/4/2021,49
7/5/2021,32
7/6/2021,34
7/7/2021,48
7/8/2021,48
7/9/2021,37
7/10/2021,22
7/11/2021,20
7/12/2021,33
7/13/2021,29
7/14/2021,23
7/15/2021,25
7/16/2021,24
7/17/2021,25
7/18/2021,46
7/19/2021,24
7/20/2021,24
7/21/2021,43
7/22/2021,32
7/23/2021,21
7/24/2021,35
7/25/2021,49
7/26/2021,47
7/27/2021,45
7/28/2021,43
7/29/2021,24
7/30/2021,20
7/31/2021,23
8/1/2021,37
8/2/2021,36
8/3/2021,46
8/4/2021,35
8/5/2021,45
8/6/2021,38
8/7/2021,24
8/8/2021,46
8/9/2021,25
8/10/2021,21
8/11/2021,26
8/12/2021,35
8/13/2021,22
8/14/2021,23
8/15/2021,38
8/16/2021,38
8/17/2021,45
8/18/2021,22
8/19/2021,46
8/20/2021,26
8/21/2021,36
8/22/2021,43
8/23/2021,21
8/24/2021,33
8/25/2021,42
8/26/2021,35
8/27/2021,24
8/28/2021,50
8/29/2021,22
8/30/2021,36
8/31/2021,24
9/1/2021,41
9/2/2021,36
9/3/2021,30
9/4/2021,42
9/5/2021,46
9/6/2021,27
9/7/2021,49
9/8/2021,33
9/9/2021,50
9/10/2021,48
9/11/2021,26
9/12/2021,49
9/13/2021,36
9/14/2021,34
9/15/2021,45
9/16/2021,38
9/17/2021,36
9/18/2021,35
9/19/2021,31
9/20/2021,39
9/21/2021,24
9/22/2021,46
9/23/2021,23
9/24/2021,24
9/25/2021,49
9/26/2021,25
9/27/2021,46
9/28/2021,49
9/29/2021,48
9/30/2021,43
10/1/2021,26
10/2/2021,27
10/3/2021,28
10/4/2021,42
10/5/2021,23
10/6/2021,41
10/7/2021,40
10/8/2021,45
10/9/2021,42
10/10/2021,27
10/11/2021,21
10/12/2021,42
10/13/2021,21
10/14/2021,34
10/15/2021,33
10/16/2021,49
10/17/2021,27
10/18/2021,43
10/19/2021,35
10/20/2021,47
10/21/2021,46
10/22/2021,47
10/23/2021,39
10/24/2021,25
10/25/2021,44
10/26/2021,30
10/27/2021,32
10/28/2021,43
10/29/2021,28
10/30/2021,36
10/31/2021,42
11/1/2021,34
11/2/2021,42
11/3/2021,33
11/4/2021,39
11/5/2021,28
11/6/2021,49
11/7/2021,21
11/8/2021,31
11/9/2021,46
11/10/2021,23
11/11/2021,45
11/12/2021,37
11/13/2021,45
11/14/2021,30
11/15/2021,26
11/16/2021,31
11/17/2021,30
11/18/2021,25
11/19/2021,32
11/20/2021,33
11/21/2021,23
11/22/2021,36
11/23/2021,30
11/24/2021,28
11/25/2021,30
11/26/2021,32
11/27/2021,31
11/28/2021,50
11/29/2021,37
11/30/2021,27
12/1/2021,31
12/2/2021,42
12/3/2021,29
12/4/2021,45
12/5/2021,49
12/6/2021,22
12/7/2021,24
12/8/2021,22
12/9/2021,32
12/10/2021,37
12/11/2021,38
12/12/2021,32
12/13/2021,40
12/14/2021,22
12/15/2021,80
12/16/2021,140
12/17/2021,84
12/18/2021,117
12/19/2021,204
12/20/2021,104
12/21/2021,126
12/22/2021,139
12/23/2021,123
12/24/2021,145
12/25/2021,112
12/26/2021,113
12/27/2021,83
12/28/2021,96
12/29/2021,185
12/30/2021,61
12/31/2021,100
1/1/2022,52
1/2/2022,34
1/3/2022,50
1/4/2022,46
1/5/2022,100
1/6/2022,83
1/7/2022,111
1/8/2022,52
1/9/2022,68
1/10/2022,126
1/11/2022,101
1/12/2022,94
1/13/2022,62
1/14/2022,72
1/15/2022,45
1/16/2022,39
1/17/2022,29
1/18/2022,49
1/19/2022,41
1/20/2022,30
1/21/2022,25
1/22/2022,41
1/23/2022,26
1/24/2022,39
1/25/2022,21
1/26/2022,36
1/27/2022,47
1/28/2022,47
1/29/2022,22
1/30/2022,33
1/31/2022,20
2/1/2022,36
2/2/2022,36
2/3/2022,30
2/4/2022,39
2/5/2022,33
2/6/2022,24
2/7/2022,43
2/8/2022,22
2/9/2022,44
2/10/2022,24
2/11/2022,50
2/12/2022,22
2/13/2022,36
2/14/2022,31
2/15/2022,31
2/16/2022,32
2/17/2022,43
2/18/2022,46
2/19/2022,31
2/20/2022,27
2/21/2022,33
2/22/2022,38
2/23/2022,21
2/24/2022,35
2/25/2022,47
2/26/2022,21
2/27/2022,47
2/28/2022,25
3/1/2022,36
3/2/2022,50
3/3/2022,40
3/4/2022,48
3/5/2022,34
3/6/2022,46
3/7/2022,36
3/8/2022,49
3/9/2022,45
3/10/2022,30
3/11/2022,47
3/12/2022,23
3/13/2022,49
3/14/2022,21
3/15/2022,37
3/16/2022,46
3/17/2022,39
3/18/2022,39
3/19/2022,46
3/20/2022,34
3/21/2022,38
3/22/2022,33
3/23/2022,34
3/24/2022,48
3/25/2022,24
3/26/2022,40
3/27/2022,48
3/28/2022,43
3/29/2022,50
3/30/2022,38
3/31/2022,32
4/1/2022,42
4/2/2022,59
4/3/2022,63
4/4/2022,58
4/5/2022,102
4/6/2022,74
4/7/2022,50
4/8/2022,42
4/9/2022,79
4/10/2022,34
4/11/2022,88
4/12/2022,64
4/13/2022,84
4/14/2022,34
4/15/2022,50
4/16/2022,30
4/17/2022,38
4/18/2022,24
4/19/2022,30
4/20/2022,22
4/21/2022,41
4/22/2022,35
4/23/2022,39
4/24/2022,45
4/25/2022,40
4/26/2022,47
4/27/2022,48
4/28/2022,48
4/29/2022,38
4/30/2022,42
5/1/2022,38
5/2/2022,36
5/3/2022,48
5/4/2022,35
5/5/2022,27
5/6/2022,44
5/7/2022,32
5/8/2022,50
5/9/2022,48
5/10/2022,32
5/11/2022,21
5/12/2022,35
5/13/2022,41
5/14/2022,42
5/15/2022,30
5/16/2022,26
5/17/2022,34
5/18/2022,35
5/19/2022,37
5/20/2022,40
5/21/2022,26
5/22/2022,38
5/23/2022,38
5/24/2022,33
5/25/2022,40
5/26/2022,22
5/27/2022,49
5/28/2022,27
5/29/2022,31
5/30/2022,37
5/31/2022,21
6/1/2022,20
6/2/2022,21
6/3/2022,20
6/4/2022,24
6/5/2022,40
6/6/2022,25
6/7/2022,31
6/8/2022,43
6/9/2022,43
6/10/2022,41
6/11/2022,35
6/12/2022,41
6/13/2022,33
6/14/2022,33
6/15/2022,43
6/16/2022,43
6/17/2022,45
6/18/2022,46
6/19/2022,42
6/20/2022,26
6/21/2022,39
6/22/2022,46
6/23/2022,26
6/24/2022,24
6/25/2022,46
6/26/2022,32
6/27/2022,27
6/28/2022,38
6/29/2022,40
6/30/2022,32
7/1/2022,39
7/2/2022,29
7/3/2022,44
7/4/2022,41
7/5/2022,44
7/6/2022,20
7/7/2022,49
7/8/2022,45
7/9/2022,28
7/10/2022,29
7/11/2022,35
7/12/2022,41
7/13/2022,42
7/14/2022,28
7/15/2022,50
7/16/2022,26
7/17/2022,49
7/18/2022,42
7/19/2022,34
7/20/2022,38
7/21/2022,48
7/22/2022,46
7/23/2022,21
7/24/2022,33
7/25/2022,37
7/26/2022,49
7/27/2022,32
7/28/2022,33
7/29/2022,49
7/30/2022,28
7/31/2022,49
8/1/2022,44
8/2/2022,39
8/3/2022,27
8/4/2022,41
8/5/2022,47
8/6/2022,33
8/7/2022,31
8/8/2022,22
8/9/2022,24
8/10/2022,24
8/11/2022,48
8/12/2022,20
8/13/2022,45
8/14/2022,27
8/15/2022,26
8/16/2022,35
8/17/2022,49
8/18/2022,45
8/19/2022,46
8/20/2022,24
8/21/2022,20
8/22/2022,33
8/23/2022,29
8/24/2022,50
8/25/2022,48
8/26/2022,43
8/27/2022,27
8/28/2022,42
8/29/2022,25
8/30/2022,38
8/31/2022,22
9/1/2022,26
9/2/2022,35
9/3/2022,32
9/4/2022,33
9/5/2022,40
9/6/2022,27
9/7/2022,26
9/8/2022,30
9/9/2022,41
9/10/2022,49
9/11/2022,40
9/12/2022,50
9/13/2022,38
9/14/2022,41
9/15/2022,45
9/16/2022,46
9/17/2022,22
9/18/2022,42
9/19/2022,33
9/20/2022,44
9/21/2022,33
9/22/2022,36
9/23/2022,29
9/24/2022,34
9/25/2022,36
9/26/2022,21
9/27/2022,47
9/28/2022,25
9/29/2022,35
9/30/2022,22
10/1/2022,36
10/2/2022,43
10/3/2022,25
10/4/2022,36
10/5/2022,29
10/6/2022,38
10/7/2022,31
10/8/2022,39
10/9/2022,28
10/10/2022,29
10/11/2022,43
10/12/2022,24
10/13/2022,45
10/14/2022,36
10/15/2022,30
10/16/2022,45
10/17/2022,50
10/18/2022,33
10/19/2022,23
10/20/2022,21
10/21/2022,44
10/22/2022,47
10/23/2022,42
10/24/2022,20
10/25/2022,40
10/26/2022,27
10/27/2022,49
10/28/2022,21
10/29/2022,20
10/30/2022,35
10/31/2022,33
11/1/2022,34
11/2/2022,39
11/3/2022,38
11/4/2022,35
11/5/2022,23
11/6/2022,20
11/7/2022,28
11/8/2022,30
11/9/2022,32
11/10/2022,36
11/11/2022,22
11/12/2022,38
11/13/2022,29
11/14/2022,44
11/15/2022,28
11/16/2022,26
11/17/2022,24
11/18/2022,49
11/19/2022,22
11/20/2022,28
11/21/2022,40
11/22/2022,32
11/23/2022,42
11/24/2022,45
11/25/2022,31
11/26/2022,38
11/27/2022,40
11/28/2022,25
11/29/2022,38
11/30/2022,40
12/1/2022,43
12/2/2022,37
12/3/2022,31
12/4/2022,21
12/5/2022,28
12/6/2022,39
12/7/2022,30
12/8/2022,45
12/9/2022,22
12/10/2022,27
12/11/2022,32
12/12/2022,34
12/13/2022,30
12/14/2022,33
12/15/2022,164
12/16/2022,174
12/17/2022,83
12/18/2022,87
12/19/2022,70
12/20/2022,92
12/21/2022,165
12/22/2022,143
12/23/2022,164
12/24/2022,98
12/25/2022,121
12/26/2022,69
12/27/2022,107
12/28/2022,167
12/29/2022,76
12/30/2022,41
12/31/2022,84
1/1/2023,40
1/2/2023,88
1/3/2023,53
1/4/2023,88
1/5/2023,87
1/6/2023,96
1/7/2023,77
1/8/2023,98
1/9/2023,118
1/10/2023,44
1/11/2023,106
1/12/2023,53
1/13/2023,100
1/14/2023,114
1/15/2023,98
1/16/2023,48
1/17/2023,39
1/18/2023,42
1/19/2023,37
1/20/2023,39
1/21/2023,23
1/22/2023,34
1/23/2023,48
1/24/2023,31
1/25/2023,45
1/26/2023,25
1/27/2023,48
1/28/2023,38
1/29/2023,46
1/30/2023,44
1/31/2023,40
2/1/2023,39
2/2/2023,33
2/3/2023,36
2/4/2023,40
2/5/2023,50
2/6/2023,22
2/7/2023,25
2/8/2023,34
2/9/2023,40
2/10/2023,21
2/11/2023,49
2/12/2023,29
2/13/2023,39
2/14/2023,22
2/15/2023,23
2/16/2023,22
2/17/2023,31
2/18/2023,24
2/19/2023,33
2/20/2023,45
2/21/2023,49
2/22/2023,48
2/23/2023,33
2/24/2023,42
2/25/2023,36
2/26/2023,46
2/27/2023,28
2/28/2023,34
3/1/2023,48
3/2/2023,45
3/3/2023,48
3/4/2023,48
3/5/2023,37
3/6/2023,31
3/7/2023,41
3/8/2023,40
3/9/2023,36
3/10/2023,41
3/11/2023,42
3/12/2023,28
3/13/2023,23
3/14/2023,49
3/15/2023,25
3/16/2023,42
3/17/2023,27
3/18/2023,48
3/19/2023,30
3/20/2023,43
3/21/2023,50
3/22/2023,40
3/23/2023,33
3/24/2023,42
3/25/2023,24
3/26/2023,32
3/27/2023,39
3/28/2023,43
3/29/2023,24
3/30/2023,36
3/31/2023,33
4/1/2023,37
4/2/2023,28
4/3/2023,57
4/4/2023,99
4/5/2023,42
4/6/2023,51
4/7/2023,46
4/8/2023,51
4/9/2023,72
4/10/2023,60
4/11/2023,27
4/12/2023,76
4/13/2023,53
4/14/2023,40
4/15/2023,60
4/16/2023,38
4/17/2023,42
4/18/2023,43
4/19/2023,23
4/20/2023,45
4/21/2023,41
4/22/2023,50
4/23/2023,28
4/24/2023,37
4/25/2023,21
4/26/2023,38
4/27/2023,43
4/28/2023,43
4/29/2023,50
4/30/2023,26
5/1/2023,28
5/2/2023,44
5/3/2023,37
5/4/2023,48
5/5/2023,40
5/6/2023,48
5/7/2023,30
5/8/2023,37
5/9/2023,33
5/10/2023,41
5/11/2023,29
5/12/2023,47
5/13/2023,42
5/14/2023,43
5/15/2023,41
5/16/2023,36
5/17/2023,41
5/18/2023,23
5/19/2023,38
5/20/2023,42
5/21/2023,40
5/22/2023,26
5/23/2023,32
5/24/2023,23
5/25/2023,47
5/26/2023,29
5/27/2023,45
5/28/2023,48
5/29/2023,32
5/30/2023,32
5/31/2023,26
6/1/2023,23
6/2/2023,42
6/3/2023,33
6/4/2023,49
6/5/2023,42
6/6/2023,44
6/7/2023,21
6/8/2023,20
6/9/2023,44
6/10/2023,33
6/11/2023,26
6/12/2023,49
6/13/2023,37
6/14/2023,35
6/15/2023,26
6/16/2023,28
6/17/2023,25
6/18/2023,41
6/19/2023,36
6/20/2023,21
6/21/2023,22
6/22/2023,45
6/23/2023,46
6/24/2023,49
6/25/2023,43
6/26/2023,40
6/27/2023,47
6/28/2023,20
6/29/2023,25
6/30/2023,20
7/1/2023,33
7/2/2023,41
7/3/2023,49
7/4/2023,50
7/5/2023,32
7/6/2023,40
7/7/2023,30
7/8/2023,22
7/9/2023,35
7/10/2023,26
7/11/2023,20
7/12/2023,29
7/13/2023,25
7/14/2023,32
7/15/2023,22
7/16/2023,25
7/17/2023,21
7/18/2023,32
7/19/2023,43
7/20/2023,43
7/21/2023,32
7/22/2023,28
7/23/2023,44
7/24/2023,35
7/25/2023,46
7/26/2023,42
7/27/2023,42
7/28/2023,45
7/29/2023,27
7/30/2023,30
7/31/2023,42
8/1/2023,44
8/2/2023,40
8/3/2023,49
8/4/2023,29
8/5/2023,45
8/6/2023,36
8/7/2023,26
8/8/2023,30
8/9/2023,39
8/10/2023,46
8/11/2023,46
8/12/2023,30
8/13/2023,42
8/14/2023,26
8/15/2023,49
8/16/2023,36
8/17/2023,24
8/18/2023,27
8/19/2023,42
8/20/2023,44
8/21/2023,39
8/22/2023,41
8/23/2023,36
8/24/2023,49
8/25/2023,33
8/26/2023,28
8/27/2023,29
8/28/2023,25
8/29/2023,35
8/30/2023,49
8/31/2023,37
9/1/2023,36
9/2/2023,47
9/3/2023,45
9/4/2023,38
9/5/2023,40
9/6/2023,36
9/7/2023,48
9/8/2023,31
9/9/2023,35
9/10/2023,25
9/11/2023,22
9/12/2023,22
9/13/2023,48
9/14/2023,30
9/15/2023,21
9/16/2023,50
9/17/2023,22
9/18/2023,34
9/19/2023,50
9/20/2023,44
9/21/2023,24
9/22/2023,22
9/23/2023,39
9/24/2023,44
9/25/2023,29
9/26/2023,24
9/27/2023,47
9/28/2023,28
9/29/2023,50
9/30/2023,37
10/1/2023,28
10/2/2023,21
10/3/2023,22
10/4/2023,49
10/5/2023,38
10/6/2023,27
10/7/2023,27
10/8/2023,22
10/9/2023,34
10/10/2023,45
10/11/2023,38
10/12/2023,38
10/13/2023,39
10/14/2023,50
10/15/2023,21
10/16/2023,34
10/17/2023,46
10/18/2023,30
10/19/2023,50
10/20/2023,49
10/21/2023,46
10/22/2023,46
10/23/2023,24
10/24/2023,34
10/25/2023,35
10/26/2023,22
10/27/2023,40
10/28/2023,50
10/29/2023,38
10/30/2023,28
10/31/2023,47
11/1/2023,40
11/2/2023,20
11/3/2023,40
11/4/2023,37
11/5/2023,30
11/6/2023,41
11/7/2023,40
11/8/2023,28
11/9/2023,28
11/10/2023,41
11/11/2023,24
11/12/2023,41
11/13/2023,50
11/14/2023,21
11/15/2023,43
11/16/2023,25
11/17/2023,45
11/18/2023,28
11/19/2023,39
11/20/2023,22
11/21/2023,30
11/22/2023,48
11/23/2023,48
11/24/2023,22
11/25/2023,44
11/26/2023,42
11/27/2023,30
11/28/2023,26
11/29/2023,39
11/30/2023,49
12/1/2023,42
12/2/2023,48
12/3/2023,34
12/4/2023,38
12/5/2023,45
12/6/2023,37
12/7/2023,44
12/8/2023,27
12/9/2023,24
12/10/2023,31
12/11/2023,41
12/12/2023,43
12/13/2023,29
12/14/2023,39
12/15/2023,64
12/16/2023,165
12/17/2023,180
12/18/2023,71
12/19/2023,106
12/20/2023,164
12/21/2023,159
12/22/2023,148
12/23/2023,100
12/24/2023,125
12/25/2023,174
12/26/2023,167
12/27/2023,216
12/28/2023,97
12/29/2023,105
12/30/2023,176
12/31/2023,154
1/1/2024,44
1/2/2024,119
1/3/2024,121
1/4/2024,119
1/5/2024,57
1/6/2024,46
1/7/2024,59
1/8/2024,123
1/9/2024,79
1/10/2024,68
1/11/2024,64
1/12/2024,72
1/13/2024,130
1/14/2024,48
1/15/2024,133
1/16/2024,45
1/17/2024,34
1/18/2024,35
1/19/2024,41
1/20/2024,49
1/21/2024,20
1/22/2024,33
1/23/2024,40
1/24/2024,28
1/25/2024,41
1/26/2024,32
1/27/2024,39
1/28/2024,20
1/29/2024,50
1/30/2024,47
1/31/2024,21
2/1/2024,22
2/2/2024,24
2/3/2024,24
2/4/2024,41
2/5/2024,28
2/6/2024,31
2/7/2024,42
2/8/2024,21
2/9/2024,25
2/10/2024,20
2/11/2024,25
2/12/2024,41
2/13/2024,45
2/14/2024,41
2/15/2024,24
2/16/2024,50
2/17/2024,47
2/18/2024,40
2/19/2024,33
2/20/2024,35
2/21/2024,27
2/22/2024,25
2/23/2024,48
2/24/2024,20
2/25/2024,29
2/26/2024,45
2/27/2024,40
2/28/2024,45
2/29/2024,31
3/1/2024,42
3/2/2024,46
3/3/2024,33
3/4/2024,27
3/5/2024,29
3/6/2024,28
3/7/2024,21
3/8/2024,32
3/9/2024,49
3/10/2024,29
3/11/2024,48
3/12/2024,21
3/13/2024,33
3/14/2024,21
3/15/2024,41
3/16/2024,20
3/17/2024,41
3/18/2024,29
3/19/2024,29
3/20/2024,20
3/21/2024,41
3/22/2024,38
3/23/2024,27
3/24/2024,28
3/25/2024,40
3/26/2024,24
3/27/2024,47
3/28/2024,22
3/29/2024,27
3/30/2024,20
3/31/2024,47
4/1/2024,53
4/2/2024,93
4/3/2024,54
4/4/2024,49
4/5/2024,103
4/6/2024,108
4/7/2024,33
4/8/2024,35
4/9/2024,87
4/10/2024,109
4/11/2024,89
4/12/2024,34
4/13/2024,40
4/14/2024,80
4/15/2024,93
4/16/2024,25
4/17/2024,34
4/18/2024,35
4/19/2024,26
4/20/2024,37
4/21/2024,36
4/22/2024,50
4/23/2024,28
4/24/2024,36
4/25/2024,35
4/26/2024,37
4/27/2024,49
4/28/2024,48
4/29/2024,37
4/30/2024,39
5/1/2024,32
5/2/2024,41
5/3/2024,42
5/4/2024,48
5/5/2024,40
5/6/2024,33
5/7/2024,39
5/8/2024,37
5/9/2024,32
5/10/2024,28
5/11/2024,27
5/12/2024,42
5/13/2024,34
5/14/2024,35
5/15/2024,23
5/16/2024,28
